0.8838994050813125,0.580047562485108,0.0
1.829698532020557,-0.18850731748619823,1.0
-0.7115508439121198,0.8805660002191229,0.0
-0.9893893338704246,0.6681210541845504,0.0
0.5018195395671264,-0.27563330555296395,1.0
1.7008849302908988,-0.1278286514896062,1.0
-0.4887191698304655,0.7653448488598815,0.0
1.8144808833302837,0.16434687835403305,1.0
1.0862005898812752,0.13737854673965605,0.0
0.9100184012514481,-0.42661858409010567,1.0
0.6703297566228896,-0.415611667633042,1.0
-0.9463788793948356,0.33136793108993007,0.0
0.900495101307206,-0.47939547968145174,1.0
1.115890545211427,-0.02922334682875334,0.0
-0.927364390526183,0.2865541085611213,0.0
0.8004980883828156,-0.5111632384601947,1.0
0.7580419174442689,-0.581551810721354,1.0
0.7112293239431678,-0.42250620084293466,1.0
0.9979312121261007,0.21586228396517904,0.0
0.9393221136258817,0.544406836945957,0.0
0.18527243464809637,1.090028978954421,0.0
-0.9729978631939015,0.41097501844105166,0.0
-1.0101779358636764,0.250024155957771,0.0
0.3487908982683281,0.8787657451022339,0.0
-0.007088694873598603,0.12751150492807312,1.0
0.0947943121574838,1.0061665461458018,0.0
1.8120634690491797,-0.16204210788665938,1.0
0.42148192478060653,0.7079133399795654,0.0
0.5252390592586572,-0.470000854045205,1.0
1.0372279454576454,-0.5545577702076699,1.0
-0.07061413872904503,0.8959132688378191,0.0
0.6018470413493082,0.8125402794032476,0.0
-0.942193086628501,0.4476910816533453,0.0
1.0781619883995175,-0.7480850810750013,1.0
2.025903294372226,0.46176586770036,1.0
1.7543382385413748,0.3457670106205901,1.0
0.1550610104903546,0.1243278169304835,1.0
1.1566243558107505,-0.4328675590437069,1.0
0.09817114292272038,-0.03496796758997507,1.0
1.8409954033695153,-0.12756319310038666,1.0
0.43225250343961086,-0.17802255590553367,1.0
0.32688242918985205,-0.41147526076668883,1.0
2.054071591159708,-0.03836327347519371,1.0
-0.21098351440958518,0.9635194983117282,0.0
0.22801484132198782,0.9447827873604523,0.0
0.934071848202774,-0.46667834597695823,1.0
-0.5954601096816816,0.7480306673358563,0.0
-0.23743867586239203,0.967096416544556,0.0
-0.033311648976229485,-0.07400321397442874,1.0
0.985263660575677,-0.30306505719673116,1.0
0.620900899178671,0.9846341137062989,0.0
0.127773249313645,-0.05990875221021433,1.0
0.6374553178572011,0.6905422800908683,0.0
0.2227841456904337,-0.06367345988514829,1.0
0.9249893103917397,0.0414858170453056,0.0
0.7659406458060117,-0.46439839368461505,1.0
1.5194201530762441,-0.221575498640033,1.0
0.13320429795770447,0.9149289403522403,0.0
0.5238721132771463,0.8368398221062344,0.0
0.0762573227756983,0.9866857396788807,0.0
0.23048990541639047,-0.2834255930773077,1.0
0.35881647753496226,0.928063585153699,0.0
0.8044176514300738,-0.5375465675691709,1.0
-0.8950781985725429,0.35933464904541806,0.0
0.22903324294913818,0.9507398068231232,0.0
0.053370614261658886,0.14240701539087675,1.0
0.6659489970543947,0.6906881210835554,0.0
2.0080498413086287,0.202800668774568,1.0
-0.5786833242960915,0.8113801166607194,0.0
0.7045111886396511,-0.3851354756730159,1.0
0.36662432116826954,-0.3114179848287407,1.0
0.8940488515056553,-0.5659020022168618,1.0
-0.6312353785845812,0.9500939112857236,0.0
0.9766971824341512,0.22976020648542658,0.0
1.9300787880616441,0.21988506055175583,1.0
-0.026804840762437828,0.658920468640612,1.0
2.1829271708472326,0.3647369353179171,1.0
0.3729756692762312,0.9613888551349572,0.0
0.9886023879383197,-0.512326758380991,1.0
0.4835324594121395,0.8431025117236485,0.0
0.09815793213273272,0.4876647710268044,1.0
-0.6861738467754229,0.5380894487277081,0.0
0.12913578384384727,0.10882129522767758,1.0
1.6370221229577737,-0.3990650816622423,1.0
-0.5588771692729328,0.6750076291878266,0.0
0.08189348581764283,0.9489385968987544,0.0
1.2344431815833992,-0.4388811438324658,1.0
-0.21512940165697803,1.1117718394744158,0.0
1.808666563576426,-0.12233366715528245,1.0
1.5227287628139972,-0.2038653656181747,1.0
0.9022587654704298,0.4026263020924892,0.0
1.8081072452817168,-0.08117785447509966,1.0
-0.5850921820974226,0.8941350092996128,0.0
0.07046625040688359,0.06674147266949235,1.0
0.6008358489925691,0.8370944232123719,0.0
-0.00360066883015589,-0.047992413555009134,1.0
-0.08667075122208945,0.9318084702382703,0.0
0.5765435142982179,0.6893072269878856,0.0
0.15933454336825292,0.2751312338550861,1.0
1.9515913049605946,0.1352646394565512,1.0
-0.11236161943094344,0.042244975760218774,1.0
0.8965068011881497,0.34493343272109933,0.0
-0.6740594586521067,0.6712188965796635,0.0
0.04898766964525926,-0.050713556184944705,1.0
0.6884920167210454,0.718279890285638,0.0
0.21711531759088185,-0.13542948706232905,1.0
0.3771595196238722,0.9731215561141598,0.0
1.1770739090403923,0.0154132035481972,0.0
0.4235607711041929,0.8465816580569862,0.0
-0.929902298438599,0.7408520262392941,0.0
-0.7864872222528334,0.5224293162494367,0.0
-0.5009776154677054,0.9599018290862226,0.0
1.6352497093759235,-0.5319735159598652,1.0
-0.9990143617456342,0.1619105770401356,0.0
-0.059311082318467864,0.2987459875822047,1.0
1.894578423464988,-0.009432204701334865,1.0
0.01364049262463718,1.0657506829896173,0.0
0.7391099977047317,-0.5005362639307799,1.0
-0.8843024246709851,0.5964576314877392,0.0
0.021158247922053383,0.03762924696680213,1.0
1.2210550139876226,-0.46238830152245985,1.0
-0.2616992882265791,0.9355998477560376,0.0
0.40597547886532304,0.8380276649056739,0.0
0.8462269212661895,0.5821090042132738,0.0
-0.4573695297746496,0.8227928044529097,0.0
2.004367678386871,-0.05730500539338179,1.0
0.18347450590770326,1.1759746301502905,0.0
0.4919547570841034,0.8030231046768753,0.0
1.8634025001144852,0.20896217594521532,1.0
-0.43221796823955516,0.606968884867435,0.0
2.0153640080432123,0.23572262311957987,1.0
-1.0705348018823737,0.2866929792617193,0.0
-0.6718757544588374,0.7922312517407207,0.0
1.1238776428782076,-0.4750830441826922,1.0
-0.6696862929184912,0.8086911064366475,0.0
1.4353261118662188,-0.46795418361589025,1.0
0.3825274858731898,0.8572775797140924,0.0
0.34751574893490067,-0.2573056094786166,1.0
-1.141783574554517,0.014650743744096278,0.0
0.3270832687700719,-0.21580492736216278,1.0
0.21429087792484897,-0.08229646183573901,1.0
-0.8822910335701134,0.15063575777362842,0.0
1.0541628960218539,-0.535242831202676,1.0
-0.03146143102208467,1.1076283575600718,0.0
1.6985485328636316,-0.1652954336677496,1.0
1.8428815863832657,0.5343961185105214,1.0
0.7224269391538432,0.8759224578187974,0.0
-0.003974052850687585,1.0090971513486626,0.0
-0.5644523639104073,0.5853733748190537,0.0
-0.907570166232926,0.5077449768461135,0.0
0.5744957466135291,0.98044031935965,0.0
0.3461166237050767,-0.12190987194763983,1.0
0.24005969815565903,0.9291107649197746,0.0
0.3200740134264839,0.8287679817173603,0.0
0.9343709200993336,0.40972969000283255,0.0
1.185630519387999,0.1434414490102771,0.0
0.5586864102801729,-0.4335316549057578,1.0
0.042515675734852536,0.3399592729843997,1.0
0.215749359187181,-0.019382011262341486,1.0
0.4753899887622377,0.8047928617288214,0.0
1.9411835212066952,0.19488100937152036,1.0
-0.4443392454943193,0.9190856446292477,0.0
0.9065007695076627,0.01929881010014865,0.0
0.04974024800574453,0.2078820675802106,1.0
-0.4357633559216631,0.7043409409992518,0.0
0.061913261775161425,0.42031235313620724,1.0
1.5764493190368336,-0.45112537987267876,1.0
0.9003234744653861,0.84540278353893,0.0
0.8779510919221568,0.1723083948010939,0.0
0.7884251300521515,0.25711588723540285,0.0
1.9007563648318793,0.2144117989737206,1.0
-0.7412146305987312,0.7439276389495992,0.0
1.9406809912397578,0.37935287035742504,1.0
1.0653795477266135,0.1985856162625621,0.0
-0.9619489692262321,0.18733434164894125,0.0
1.9959455871945004,0.06419811603622567,1.0
0.47743735051172703,-0.30156936053786765,1.0
1.6832790832937807,-0.2464819839283642,1.0
0.4827288819811635,-0.5034587648052512,1.0
-1.0776718165968042,0.06284984289503609,0.0
0.9222755944433693,0.17846734687799945,0.0
-0.8721196326053368,0.11603426312420434,0.0
1.9017271635911916,-0.041963499319783,1.0
0.28300170730638896,0.854895263036298,0.0
-0.9525555201680149,0.24697185927014037,0.0
1.9710194455941896,0.3195169924112041,1.0
1.5973547954999754,-0.2393279558551908,1.0
0.29669944934325143,-0.3482513875447032,1.0
1.6520515076852627,-0.2709947476152629,1.0
-0.46468852605736966,0.8651106916241436,0.0
-0.10535066333036695,0.8965012572088177,0.0
1.0618683576073689,0.19588221102026834,0.0
-0.15595064989516344,0.08253877026289733,1.0
1.9969417692691593,-0.0062267404934101545,1.0
0.9693797867921401,0.29310998264498134,0.0
0.11993848447811553,1.0151365904500798,0.0
1.301515341725931,-0.5312616519770157,1.0
0.2633820734868415,0.9020861018966472,0.0
-0.6145717861231464,0.8309635857287706,0.0
-0.8696944310943067,0.49216898987641583,0.0
0.8840631875914776,0.44337644237006274,0.0
0.3443264398017264,-0.4329644862791838,1.0
0.9287015339153261,0.15476822878209073,0.0
0.6746560189098507,0.7051402762379816,0.0
-0.795183079183058,0.7401862403645384,0.0
1.264513063382531,-0.5336767976281481,1.0
0.7892804128798674,0.6956014231782346,0.0
0.2598000119339422,0.8237785281943228,0.0
0.9161363769548804,0.3549508531800287,0.0
0.5040625003316358,-0.4441078854979442,1.0
0.6494972509232471,-0.4357615064228673,1.0
-0.1659765637769955,0.521919465315731,1.0
0.6912485553420673,0.45867086863319195,0.0
0.008215524763891556,0.0686636302893277,1.0
0.39603264019811857,0.9562331561573103,0.0
-0.31377704672836715,0.8662573384835305,0.0
1.7904275649354413,-0.033451965077253606,1.0
-0.8323579476316781,0.619829586436735,0.0
0.3912459043464849,0.9657384850161737,0.0
0.08432734148068441,0.9635963313377865,0.0
-0.07271009908085047,0.09056874608169814,1.0
-0.7691069601469745,0.7267678783005626,0.0
1.810295834284689,-0.17442634476956959,1.0
0.2721257222517046,0.10992118230561046,1.0
1.2808916756893374,-0.49563235177968623,1.0
1.058056699016541,-0.5172359467403042,1.0
-0.34141681787813855,0.807521545375745,0.0
1.0698385074755636,0.012184960789652111,0.0
1.4771169987572725,-0.2743353009116788,1.0
2.1261070070910257,0.18803486662748947,1.0
0.6850453124615906,0.5542662812613728,0.0
1.464489070919542,-0.3835142487719269,1.0
0.39851108903747895,1.0268501875522853,0.0
1.0470947246021505,0.22381678768672836,0.0
0.10905949381569272,0.5461093971557791,1.0
2.1032834061830794,0.44468004669737793,1.0
-0.8438200851140242,-0.01625804049835744,0.0
0.3103094844184441,0.7302891637992602,0.0
1.9809224356120718,0.0731425059331533,1.0
1.0986060599338368,0.24722873584310512,0.0
0.6424138310979106,-0.29576960259190055,1.0
0.9404981907336172,-0.6042405222355282,1.0
-1.0878752058939714,0.27418726306378244,0.0
-0.9137325291142019,0.6801011706649158,0.0
0.9104702322408949,0.04452244138706479,0.0
0.9016846263871847,0.4447270819245014,0.0
1.848380398417719,0.16931731017865465,1.0
2.0639885946070557,0.13212942571372768,1.0
0.5310869472687427,-0.3615871014606243,1.0
0.849180166105998,-0.41074824662932624,1.0
0.6972756257116608,-0.4503260917409362,1.0
-0.8795549755822423,0.658915170625163,0.0
1.5660773073866185,-0.1967592888246701,1.0
0.3573896049322481,0.8114742308070759,0.0
-0.7820054616623713,0.7427411783432276,0.0
1.6353433274527915,-0.24792818073280343,1.0
-0.9458002592877258,0.4051770206387603,0.0
0.792068282364695,-0.4574386436937286,1.0
1.968191907692167,0.003521374752832762,1.0
1.4934397458620925,-0.43054923582433197,1.0
1.4783199532800315,-0.48568479880598536,1.0
0.7437765437669636,0.6268818804656788,0.0
1.95602940184201,-0.09983194170065546,1.0
-1.021825109697948,0.08971117562825984,0.0
0.21530972166721876,-0.13243847556269145,1.0
0.0649820655435606,0.3806719360112094,1.0
1.24392625508118,-0.3511641793746805,1.0
1.1061961709385038,-0.4491498484613137,1.0
0.9704467256638089,0.14265871784960463,0.0
0.2939054122024198,0.9634690053679441,0.0
1.7417666418366176,-0.21742289707144782,1.0
0.6233274557914062,0.6160692366418166,0.0
-0.3952610036673813,1.1957186153636337,0.0
0.5073290831816457,-0.3454593794768034,1.0
0.6001617624576542,-0.4944499058162558,1.0
1.7578994855991286,-0.05157217166135088,1.0
0.15101943528592277,0.9892261189345705,0.0
1.9504865494314223,0.45711690010792183,1.0
0.754070866555564,0.41938730824225673,0.0
0.16269364090623717,0.07446782483361976,1.0
0.3401020437527611,1.0341349325477676,0.0
-0.43760955727343703,0.8556894475513415,0.0
0.29882573181797434,0.9146019525403959,0.0
1.4329392905138503,-0.4010210864974614,1.0
-0.004152681670549245,0.4061351418666478,1.0
-0.8427159200790889,0.40775933603950754,0.0
-0.16737420553038646,1.0472010659418547,0.0
0.8797540622795296,-0.40128460856356946,1.0
-0.8486074524065181,0.0855906101052274,0.0
1.3907966028909715,-0.4389698199461554,1.0
0.4532998027962644,-0.3957382096189309,1.0
1.830625924762578,-0.028500107095353375,1.0
0.7039698284544205,0.8385330661713131,0.0
0.04780953449798524,0.2449807482725453,1.0
-0.0011813846033414815,0.9113599630125819,0.0
1.658965116947053,-0.45327593201723637,1.0
1.5106227857742809,-0.3912145615132135,1.0
-0.7547244944578431,0.6424272186451446,0.0
0.4020664977681291,-0.23138221747294707,1.0
1.347144750255915,-0.5131449509599475,1.0
0.3157381318355542,-0.06231613498216983,1.0
1.2804208781312962,-0.39305490519373787,1.0
-1.003426575656448,0.156048534323058,0.0
0.9088285364903838,0.2872378177892386,0.0
0.9121200792147736,0.3445316585682643,0.0
-0.24593447689931855,1.125993658538886,0.0
-1.0058285658610122,0.11177645717902682,0.0
1.9711262749464236,0.4783365378541298,1.0
1.5748458452153304,-0.2513048868304074,1.0
0.605529356324497,-0.32989839042560287,1.0
1.4657833203262987,-0.4245440722239675,1.0
1.3823976047890243,-0.5350832066082708,1.0
0.9312059719308077,0.13256518732418549,0.0
-0.5429661805159588,0.7758738148817307,0.0
-0.3837544390119243,0.7060697298978478,0.0
-1.0103473762330295,0.10744939570537532,0.0
0.4499034110079813,0.7501286803307425,0.0
-0.11460489970030385,1.1117094971273416,0.0
1.399666453899348,-0.3789951001696239,1.0
-0.32709961371374546,0.968517799991548,0.0
-1.2655412527536278,0.1885292386819929,0.0
-0.985730362192934,0.321642316856917,0.0
0.29260557672377935,-0.12274788636618308,1.0
1.5452968422885336,-0.4319996862686629,1.0
0.17991553292987,-0.13286461708445255,1.0
0.788278117877072,0.771075275878964,0.0
1.5970647190997462,-0.07023143286427025,1.0
0.26129619412639254,-0.14563397002050646,1.0
0.11090924389935974,0.2114952437182585,1.0
1.008589113396039,0.15159187514945788,0.0
0.14709215226462485,-0.252185478731545,1.0
0.9980921076289655,-0.46533845274667546,1.0
-0.7020200592735637,0.5334814637938854,0.0
-0.2159543135217168,1.0013808355066267,0.0
1.9388497027173486,-0.08500220338168946,1.0
0.744939685705313,-0.5072628656301795,1.0
0.786754441192521,0.6830115850510747,0.0
1.860417229498428,-0.11873073405203673,1.0
-1.00668428995782,0.23304941839350007,0.0
0.11105345797064861,0.06148864936909111,1.0
0.3610153663812519,-0.07079996291912158,1.0
0.9070041892360909,0.5029572473829486,0.0
-0.3355083660528487,0.9401024920962854,0.0
1.8341481945508538,0.11885993857779233,1.0
-0.42743568771980756,0.6153752969227351,0.0
0.7136727722821359,-0.6027006201864958,1.0
0.3432424831370104,-0.05935372882343298,1.0
0.3756695619391323,1.0274432423080577,0.0
0.6250510747760208,-0.35026925816823007,1.0
1.997568286822124,0.2617594639455598,1.0
1.5118629861980613,-0.35325580795739187,1.0
1.9201577926207714,0.05417838966192765,1.0
2.137577347604536,0.4347000044112659,1.0
1.9243599290282016,0.4278436442700004,1.0
1.7976946895235237,-0.12058177822885206,1.0
1.9378189587492052,-0.1089215956128341,1.0
1.0452782752445193,0.03056455437232583,0.0
1.8683351132454333,0.018386781101561216,1.0
-0.8052689382265792,0.3861003815070374,0.0
0.1763261899227672,-0.22863174201711398,1.0
1.7142170035506379,-0.27699906792619505,1.0
0.02262196926577008,0.9943787486443315,0.0
0.1865486905442261,-0.22062114007839462,1.0
1.8858506086334332,0.3522030669681828,1.0
1.0946025163053035,-0.42634862767801457,1.0
0.839063900033732,0.5774204484530645,0.0
-0.9738565003492663,0.05423704692800398,0.0
-0.5600424201795724,0.5706869081100078,0.0
-0.5340702023755117,0.9610038093030596,0.0
1.351631830460962,-0.616810561904423,1.0
0.8453488354726233,-0.5083813124568991,1.0
0.27902561004294396,0.8844258480014475,0.0
0.30539284801833866,0.060049796621863966,1.0
-0.5593384626926432,0.778751648128597,0.0
-0.7952383518277251,0.8076149749423442,0.0
-0.39685650021773555,0.9096466426823682,0.0
0.08132695103631007,1.1380324869340177,0.0
1.0583812051459864,-0.48830049742991194,1.0
-0.9165360428578344,0.4552838760898319,0.0
1.05187322518066,-0.4271053379787657,1.0
0.31133442690589785,0.8372284276583767,0.0
0.43414666735323193,0.8625983912143467,0.0
1.2094214614855265,-0.5012995426241165,1.0
-0.04625294218398279,0.45997376920082306,1.0
-0.5509746374971191,0.9356310909461079,0.0
1.9316943457696407,0.1935799026328731,1.0
0.19859633011041755,-0.02900983768728629,1.0
0.9654832067776445,0.35886785491926265,0.0
-1.0528819633020736,0.22279911207058867,0.0
-1.0588880767114857,0.06458243575634101,0.0
1.2267546300719667,-0.5772599086144018,1.0
-1.0770384656234349,0.3959918306520611,0.0
-0.534017235879012,0.9842295010876756,0.0
1.2162565112371433,-0.5183367779733719,1.0
-0.3035796580693278,0.9121724571813167,0.0
1.974429566528303,0.23273420000448902,1.0
0.9398500584247775,0.39524210624681494,0.0
-0.0032031121992898903,0.36931340138983537,1.0
-0.0006368577299621751,0.10210166470485788,1.0
-1.1253885614033847,0.43377456254404845,0.0
0.21491650315995983,0.062428163978528906,1.0
-0.007487165968458477,0.24262592112721143,1.0
0.4140453975057047,0.9112736787444551,0.0
0.38665729369861424,-0.27448923919007995,1.0
1.9031232725976674,-0.060459202048968874,1.0
0.9577547847753145,-0.05775732841954517,0.0
-0.6541776176904833,0.5971237027971211,0.0
-0.14443419305597482,0.24805225811227033,1.0
0.5142139767370886,0.9745876516524464,0.0
-0.4175072452935866,0.9074658701455316,0.0
1.6729274801542364,0.17990123391465107,1.0
-0.42377932512768396,0.9915662027124041,0.0
-0.9178997182202585,0.687339220597362,0.0
-0.49876253113568875,0.7428452284928364,0.0
-0.03120161410736129,0.12261731955251268,1.0
1.0053672897051933,0.34097157309701087,0.0
2.1038620214502113,0.11561067110950857,1.0
0.09998235743667151,0.5310739499542754,1.0
-0.9649240861326472,0.3185729767769978,0.0
0.8431808655036674,0.6186543214770965,0.0
0.4702308826349489,0.8283300199017274,0.0
0.2465228191267063,-0.20708110927506088,1.0
0.6764957938538689,-0.5246263316749609,1.0
0.2130934772477603,1.0888407873359773,0.0
1.9586690839575478,0.2073549305194673,1.0
0.5274529115206293,-0.342735368462754,1.0
0.574233376674081,-0.5182918031797008,1.0
1.7661693991397214,0.03016314855519321,1.0
1.0528889572655564,-0.10184468821790638,0.0
1.069304190225626,0.08639631797923969,0.0
1.9133925972840589,-0.13741336453603517,1.0
1.7777589562469944,0.12207499566519876,1.0
-1.1450666135759588,-0.12847175883631087,0.0
0.03242248053635706,0.25377209804118195,1.0
-0.7841461539876258,0.2522042357789427,0.0
0.9633203849636316,-0.40371499197888855,1.0
0.879569068459486,0.41908378319086864,0.0
1.8871900196436955,0.048180232737996646,1.0
0.6745257039799494,-0.3834748664581365,1.0
-0.35798848933633576,0.9280514608009084,0.0
1.707745891192851,-0.19796286498678436,1.0
1.789362905185307,-0.2410372319584692,1.0
1.982070664497138,0.28386829517473733,1.0
0.9288769865027187,0.41493517580268474,0.0
-0.48374326212437246,0.6802821790017043,0.0
0.6139444427804555,0.9152736048206043,0.0
0.14532166120438728,-0.25262918614665386,1.0
0.07568966132707008,0.438410908441027,1.0
1.486407918688213,-0.4715357158640866,1.0
0.9317910361178652,0.657033299300044,0.0
1.7047422430053836,-0.0671014889294094,1.0
1.863615090385507,-0.0037020775584609422,1.0
1.7182359412070203,-0.22477060120952513,1.0
0.11570334063275352,0.28334869650439104,1.0
0.286499850171534,-0.18488000028515972,1.0
0.050921330598742,-0.010356779453359829,1.0
2.064415364824771,0.24606847094153672,1.0
0.6777990637143101,-0.3319546655602363,1.0
1.1337053713535306,0.06024753805006543,0.0
0.7597726765571153,-0.48330403156615126,1.0
0.46628331489590635,0.9969328628360308,0.0
1.967321730703515,0.1865161005720657,1.0
1.0105282301237235,-0.5671568387797263,1.0
0.8363854237299833,0.6135560517839481,0.0
-1.0367113852244783,-0.08522894577222691,0.0
0.0853672177098091,0.04237558855203159,1.0
1.7976648945918867,0.0593981547779151,1.0
0.8434056965643899,-0.6586474464509485,1.0
-0.8527744705748488,0.4007372899367662,0.0
1.6396836769321927,-0.3725820876600323,1.0
0.13380521858856861,-0.14239359390271675,1.0
0.5797700943043989,0.866475017434589,0.0
0.0710342365397644,0.18999839179206757,1.0
0.4063101931817663,-0.29146211357194146,1.0
-0.758263461498481,0.9285164795754672,0.0
1.3313146502585467,-0.5729383528758986,1.0
0.9114713654250574,0.8615724007243358,0.0
-0.3992615081778458,0.8328535573520841,0.0
0.6982272697436058,0.8186579875611747,0.0
1.072681224538102,-0.4109203275840583,1.0
-0.24291126149323258,0.899267643492628,0.0
-0.9325506415889963,0.3207665458041135,0.0
0.2549697800703664,-0.27904960003008655,1.0
1.1566524549334924,0.2394402933424113,0.0
0.623935502824897,0.7475405312645507,0.0
0.7637517841772307,0.7568406701172957,0.0
1.9807172765247705,0.4296998977010173,1.0
0.791645211829545,0.6928745233638935,0.0
1.2145460053900252,-0.5648599817046414,1.0
1.0318495579398546,-0.43694196521739853,1.0
0.8469306638039414,-0.44657376865224685,1.0
1.0556447374418485,-0.02262932373528824,0.0
2.0903947391087647,0.06414817045844116,1.0
1.052893143398566,-0.028943958618148413,0.0
0.18046121251487368,1.0092625746843429,0.0
1.736701346271271,-0.043912330245908335,1.0
-0.8538095773159371,0.7668939833796233,0.0
0.7999212091806207,-0.4313169949364566,1.0
-0.14215062001445072,1.0662937740085046,0.0
1.9004377488201298,0.3881152744871603,1.0
0.6929957911639449,0.5771994108042147,0.0
0.5852887652568058,-0.23253973712037035,1.0
2.071362315988311,0.0790573135597809,1.0
1.18067658947997,-0.3857456102213549,1.0
0.7909136856919723,0.9570689962800124,0.0
-0.8687766791182727,0.6185502825691434,0.0
2.1006288394976904,0.44876077487775357,1.0
1.1042633899846153,-0.538761163423869,1.0
-0.8455664752619476,0.18617577597965074,0.0
-0.44659232426812256,0.9357802314456786,0.0
1.7763379849844387,-0.11787924767622854,1.0
-0.27622469210135375,1.0783456174107522,0.0
0.23146485179711862,0.9739972223284123,0.0
-0.03731095891439114,0.21175347309616188,1.0
0.2963146803640749,-0.1449133005671448,1.0
1.3417531481356066,-0.556292069698553,1.0
1.921673613678618,0.03143870371833737,1.0
0.12544790895136454,0.5055925002591297,1.0
1.4097631224087428,-0.3900249671615954,1.0
0.2685370170923049,-0.36283541582786616,1.0
1.1380158871945747,0.15648276787374713,0.0
1.7419179899268549,-0.24351078383532285,1.0
1.7929665682633185,-0.22244752426271733,1.0
0.307879302156994,-0.10542040195173608,1.0
0.9527480849936167,0.016550693257697674,0.0
0.884788451283524,0.5959585044329578,0.0
0.06484434787427246,-0.12049207287372879,1.0
0.534580121157941,-0.45094088949465366,1.0
0.573498889914773,-0.44910535350882813,1.0
0.9435420686300454,0.5470232577565177,0.0
-0.989590741473047,0.1099446361932288,0.0
-0.187883955094812,0.8609775121203774,0.0
-0.6528807177892039,0.8916123694566078,0.0
-0.30482757133873173,0.7823279716699577,0.0
-0.04448143414230681,0.25396969448539514,1.0
-0.5771319990328463,0.7833146411418476,0.0
1.4645889980673212,-0.36129048772282846,1.0
-0.07483028132701694,1.1205749420457558,0.0
0.1710868366518038,1.1607929860619308,0.0
1.6836458875237683,-0.22755913946984146,1.0
0.24658625508403653,-0.045084960951557146,1.0
-0.9458290964660763,0.5502164963615669,0.0
-0.9455841327917988,0.15707816527385265,0.0
0.16269668170603488,0.195054670568311,1.0
0.21747925196723977,0.17996152591518952,1.0
0.2345064145972626,-0.11343550209188225,1.0
1.5602712678692687,-0.23291161839707764,1.0
1.7570739436062557,-0.0744666885182754,1.0
0.2515845996646455,-0.33760880408551014,1.0
1.7242253374279306,0.028111649075326844,1.0
0.7913674118132772,-0.5397094362860695,1.0
2.0936202468925953,0.16796871869095392,1.0
0.4189962387889983,-0.42729040140696967,1.0
0.12484487960805639,1.1529227834339486,0.0
1.5322792908222698,-0.49837063003059856,1.0
0.9897155116728145,0.5343904465079817,0.0
1.6787375996143898,0.3135812597075889,1.0
-0.6838998985446253,0.8090068395349709,0.0
1.7142876451964135,-0.20366874981601482,1.0
1.9190809433127682,-0.011838295453754444,1.0
0.9531309519445458,0.25672838373549123,0.0
-0.49839025617824634,0.7881353514890397,0.0
1.7345483445035572,-0.1234307878822594,1.0
-0.6425906726905714,0.7444645910719077,0.0
0.7530230220131366,-0.3974472217003864,1.0
-0.6103548694171067,0.8808258210554084,0.0
-1.080794345367881,0.08608069677037884,0.0
0.08078945526104306,0.14161952040712358,1.0
0.9098857479083932,-0.6148520885318685,1.0
1.3212398970672077,-0.4642818050225115,1.0
0.19030035253444688,1.0048668806219057,0.0
0.4465660831157057,0.9046475570545316,0.0
1.8178404488930893,-0.25963630922858794,1.0
0.4696744184161393,0.9510566821039563,0.0
1.3722374177014953,-0.2664082036398182,1.0
-0.07190792703638292,0.5517927949547001,1.0
-0.7364348854960306,0.3621927269976924,0.0
1.005836347859385,-0.11585127916666091,0.0
1.74187488101278,-0.5000321577364853,1.0
1.6996067778147175,-0.05517952608949982,1.0
-0.8190509650816139,0.24326859945527105,0.0
0.09358590770176228,1.0844223235280084,0.0
-0.9563477550816113,0.5196031939273987,0.0
0.5140223367979266,0.9010483561298493,0.0
-0.08316264335290009,0.5114759724498916,1.0
-0.3367117026772867,0.9273868541756279,0.0
1.5530219921708164,-0.5438644166375532,1.0
0.019826134746070166,-0.012543814622963834,1.0
2.0908848049135784,0.4178136806853622,1.0
1.4713567609284897,-0.3044669683850144,1.0
0.027967789499173598,-0.04597897544158973,1.0
0.0037810505406333794,-0.14882583289621298,1.0
0.06684785470578268,0.3223844555457651,1.0
-0.878855133493378,0.011793908558264614,0.0
-0.7914620902812349,0.5425140959178514,0.0
-0.8623891667963047,0.3570765339653535,0.0
1.1274635035143643,0.17237678125193037,0.0
0.8995100771422001,-0.547529539233755,1.0
0.17236581442074717,0.9562134831304497,0.0
0.03270299091683511,-0.01744889050147172,1.0
1.3355054482673046,-0.5385768051235911,1.0
1.5474643068539233,-0.3853516261240944,1.0
-0.6549872725419325,0.7786413343297686,0.0
1.2893651123798482,-0.3340833387287264,1.0
-1.0454770576213235,-0.007098425674489881,0.0
0.9109940082261613,0.437550196837155,0.0
-0.6753010787314824,0.7473359148353429,0.0
0.12746775598006085,-0.01897240915085879,1.0
0.9323177391393879,0.3431598563709266,0.0
0.4485767287460382,0.8831504986795011,0.0
1.1466105335985879,-0.4585603826582657,1.0
0.6096571863057123,-0.29686276509247816,1.0
0.3674198908048285,-0.19912665218615716,1.0
0.634829538855189,0.6716747614209597,0.0
1.6759570180593928,-0.1852689071797008,1.0
-0.9847850602450863,0.5389635106017179,0.0
-0.36410279657232614,0.8872876846691647,0.0
0.8638372633447934,0.11198354394473005,0.0
2.110581123726378,0.2030220359260354,1.0
0.34428241138985816,0.919927136252994,0.0
1.900207795734382,0.25865867262973385,1.0
1.9135435876284437,0.2751494214857085,1.0
-0.8709146146230866,0.1553817883920917,0.0
-0.09313512270273455,0.5868440440266616,1.0
-0.9479494268988833,0.37457949930140866,0.0
0.17857994521372045,1.0397408530514796,0.0
-0.11275867439110968,0.33646131364526133,1.0
0.6947332239663837,-0.5443663775892111,1.0
1.447936239850732,-0.2122206623995768,1.0
1.0363794822352879,-0.5726266365000611,1.0
1.0989042350014269,0.10936456438203317,0.0
-1.1388125735455394,0.46047262931665744,0.0
0.8554231272973735,0.014605215123382342,0.0
0.8398920083225421,0.24845504493959186,0.0
1.0822965705071363,-0.5009001522884461,1.0
1.9708852287054681,-0.021168472377042183,1.0
1.887086971553538,-0.1276479322431585,1.0
1.9902827877029985,0.39220485734526234,1.0
1.4046732517807938,-0.39647627731292767,1.0
-0.8393182025913295,0.37453837651177657,0.0
0.19485676969110577,0.027633396509179925,1.0
-0.8702825741503974,0.34919852649194544,0.0
1.0020538945050834,0.38394868896320633,0.0
-0.7908580710587264,0.8027788302835535,0.0
1.93164076125185,0.15793888859112004,1.0
1.3976726638128325,-0.35790636477885773,1.0
-0.755147913957653,0.6768644236064424,0.0
0.800788978223322,0.6121162372339072,0.0
0.9567995676294421,0.6343183553942134,0.0
-0.04780902059619501,1.1251051026145351,0.0
-0.5209268929016064,1.075657874714303,0.0
1.4235572097321885,-0.4106758677309719,1.0
1.129283550424685,-0.471928283917938,1.0
-0.4796140978511112,0.8463554670576546,0.0
0.7924881056591142,-0.35827673691920836,1.0
0.28254900615465545,0.8787021266568376,0.0
-0.6926093024554048,0.6205142301788132,0.0
0.4005121703493095,-0.40012252146176874,1.0
-1.0227939703621496,0.17568771464737942,0.0
0.9253138674296256,0.2501436753910808,0.0
-0.6334665320201969,0.8006075645155379,0.0
0.5669294012298982,1.1263663720636532,0.0
1.4865841809033944,-0.350106384359293,1.0
0.8257682034934379,0.8346171617684652,0.0
1.1975595491702047,-0.2554474388131415,1.0
-0.8582505072894396,0.5755162605047485,0.0
1.464561094792335,-0.6321819214193668,1.0
1.0684450778103085,-0.09875110479549853,0.0
1.915383840295914,-0.07201355462170088,1.0
-0.13921234732828938,0.3334505081688446,1.0
-0.31874977661040266,0.9130825608432505,0.0
-0.9364776123820641,0.44464384269390334,0.0
0.4947464598443647,0.987726589071155,0.0
0.6346079306492021,0.8995915661834067,0.0
1.9836574477233286,-0.11413436882374722,1.0
0.8450510204401825,-0.48279320080468857,1.0
0.5261251401812368,0.7900706405865673,0.0
-0.3388893822842371,0.947035966510299,0.0
1.8915537497479347,0.3978697701758609,1.0
0.2319015726992342,0.10798619217061542,1.0
0.653646474196022,0.6048262734907008,0.0
-0.4939150174589667,0.39841641024470364,0.0
0.09752565530773041,1.0485203510296386,0.0
0.8121346504757834,0.9176418857289225,0.0
1.6477925894100014,-0.27168714992428133,1.0
0.9278263395603743,-0.5115323964163424,1.0
0.3031682277864379,0.7631024172240343,0.0
1.0511165969377132,-0.5051542129401054,1.0
0.21854534523270525,-0.35506941509559276,1.0
0.8815170008652049,0.3007273744942011,0.0
-0.01276495734284333,-0.03439656121027898,1.0
0.18218786254035985,-0.10631752185283742,1.0
0.9563932477914145,0.5019345221054546,0.0
1.0475323458483696,0.48166586136790857,0.0
0.25474625878493923,-0.2874733796323898,1.0
0.7701377337841939,0.3646137792842973,0.0
0.8156705592110034,0.320532640359635,0.0
1.8365437286117514,0.17057201335270766,1.0
0.17626402695748813,0.17840763640367882,1.0
0.6334655563477483,0.8640986787218919,0.0
-1.019612613551718,0.18889315164051773,0.0
-0.9417463902414429,0.6214155386474701,0.0
0.04878389414472796,0.03181153781194016,1.0
-0.7061670548608165,0.4628513735313506,0.0
1.4372805563036575,-0.2932958477371046,1.0
1.8636238275911723,0.4521316963876439,1.0
1.7051366735715683,-0.2623919660605765,1.0
0.766259428983192,-0.3997463629538454,1.0
0.9905752162237984,-0.5353443847102576,1.0
0.10872497081233104,-0.06125526895273059,1.0
0.026133659409045464,0.23608452373269134,1.0
0.17478583474259815,0.4430442652964719,1.0
1.0180455063476765,-0.6620215595653233,1.0
0.8967643210871882,0.11827325722654285,0.0
1.7347479224651299,0.053344198372865276,1.0
-0.27171880197778886,1.0935155385688495,0.0
0.9253505180217066,0.4121474758232822,0.0
-0.37533615544341914,0.8283149859795633,0.0
-0.16485344797811582,0.12657293594274963,1.0
1.142114634581125,0.05589584552197238,0.0
0.8716765061833124,-0.5708420549200157,1.0
-0.004534311801680069,1.0026286381658918,0.0
0.9777227104595355,0.20687722132374148,0.0
1.0744211984494454,-0.5309857445139017,1.0
1.8550360829354064,0.42442436153303426,1.0
1.8624934653683511,0.24019902534785018,1.0
-0.46499891017682327,0.9306474816951688,0.0
1.8028605425083244,-0.028498182161703915,1.0
-0.03552655520768655,0.9252551756682891,0.0
0.3486367824160339,-0.31710885947199674,1.0
-0.3306161343126947,1.04920386043934,0.0
-0.9809606166792566,0.11190659632883958,0.0
0.5468641008913497,-0.32553080015544,1.0
0.14741593242964857,-0.11364012018014114,1.0
-0.26978460855055636,1.0049693065714012,0.0
0.25931282690680557,0.939222204457009,0.0
-0.724893166532401,0.7929463540548329,0.0
-0.04990720046860471,0.5570826971954571,1.0
0.2935171320681809,1.0001087991936366,0.0
-0.6845453090792019,0.7526364157511789,0.0
1.1518989516271632,0.23667080431917856,0.0
1.9266880283501742,0.3272745898636349,1.0
2.1273497640062446,0.33573409146085725,1.0
0.388953993865527,-0.21066817199280852,1.0
1.8291763977574882,-0.19540048891417766,1.0
0.23796866694594587,-0.022316328102339696,1.0
-1.2083299813105302,0.2986377531319435,0.0
1.2257039473316944,-0.6726520359979786,1.0
-1.1455001515242091,0.09859787971139025,0.0
-0.1902667718848482,0.8078691764798869,0.0
-0.44953791224364814,0.9559196911100263,0.0
1.7703439478654972,-0.3604202385532896,1.0
-0.6095080483834705,0.8544684036689176,0.0
1.799017138456445,0.21825958007712057,1.0
0.9424252885186911,0.07767834906924885,0.0
1.9159304743622496,0.15316080270264829,1.0
-0.3170579736882335,0.7897591795437761,0.0
0.5614896441725375,-0.3243116171817848,1.0
-0.8799328535397506,0.3919958477110915,0.0
0.7458324265462561,-0.27000017978470015,1.0
1.2729717951486634,-0.2223449899023217,1.0
-0.7909856592612559,0.4857602885835957,0.0
-0.0903208365304981,0.8680955363275678,0.0
0.40279048455904537,0.8718492481907709,0.0
1.5342691941053572,-0.4591270070705163,1.0
0.9104044267088767,0.9642790714244925,0.0
0.26968329367465954,-0.0822614997840596,1.0
0.7721275216489585,-0.4953553506918337,1.0
0.2956354774050832,-0.2364794783391992,1.0
1.0419292643396878,0.5828689002329812,0.0
0.21719208424111178,-0.223685632757022,1.0
0.5434934510110289,-0.42024084066266265,1.0
-0.1594021486585499,0.9223571011627141,0.0
-0.7041719144899053,0.6274692605745007,0.0
-0.3628091764623945,1.1758917183731235,0.0
2.1049432956244845,0.21908082507735607,1.0
-0.21016230019181792,0.7205974825463983,0.0
0.1351707836464554,0.5279090238878186,1.0
0.5167917808308683,0.8124360867202998,0.0
-0.31554591614008864,0.9741598706821673,0.0
2.071645660176785,0.19132837238627715,1.0
1.7885910778879428,-0.4282268848604546,1.0
1.244899666649648,-0.4332414088550833,1.0
-0.8113969710034524,0.6114729476733362,0.0
-0.4244158458644888,1.0207178676940374,0.0
-0.2924344640514803,1.0028894399840669,0.0
0.20404703285618953,1.0411457306050134,0.0
0.9432123148540121,0.04732596133005368,0.0
1.2150172878802117,-0.5109646828526307,1.0
0.24148947905811152,0.8595016738421264,0.0
1.923253175593915,0.1530788627887577,1.0
-0.38910899648999814,0.9014066723988574,0.0
0.8263174877263962,0.7091691305268146,0.0
0.052821116637365176,0.23832329061402213,1.0
0.6805975957300643,-0.4536245865071109,1.0
1.982871055973344,0.41705268946564333,1.0
-0.8150214930765625,0.6954474195266818,0.0
1.7498592135367168,0.28535830464618606,1.0
0.24580362359234317,0.9696403573298074,0.0
1.159812168441955,-0.2063628608357546,1.0
1.4603996538876982,-0.45522321670838173,1.0
0.7908786008143345,0.5920423481061204,0.0
0.41217618145245905,0.8851825431345628,0.0
0.6224482890109729,0.8799546461207268,0.0
-0.08168756222013054,0.3119526316140494,1.0
1.1872743951676779,-0.5068187804145604,1.0
0.28156722599690964,0.8796083701644125,0.0
0.006195014065116425,0.29678034312422685,1.0
-0.14030264972562667,1.1013940334098924,0.0
0.911596844992989,0.037841694241853616,0.0
1.016103886103481,-0.5754120092222161,1.0
0.8418552890861011,0.6791006585439443,0.0
1.0170857516048766,-0.521854893447218,1.0
0.17457261318984213,0.04522980340248651,1.0
0.07929632294046732,-0.11161101702069515,1.0
-0.011063592012640969,0.054260893436046176,1.0
0.4791426606887359,0.8780148755259283,0.0
1.7950960331225498,-0.18660926377344217,1.0
-0.9378841837692357,0.23917069879944056,0.0
-1.0130262176710751,0.08352703706306687,0.0
-0.13197270300119746,1.0874688608910814,0.0
-0.8400218336565849,0.6839811391980728,0.0
-0.5685950362441421,0.9226027576142599,0.0
1.6096923215615642,-0.174530266437714,1.0
-1.0207984509480192,0.26198149328680864,0.0
1.0070753191350668,-0.5810751564277703,1.0
0.8298366920055175,0.5679856856940961,0.0
0.036144529190756086,0.043967902613549714,1.0
0.3139555450472162,1.0764704363198614,0.0
0.29825880869594384,-0.20646428691716215,1.0
1.0050288897691293,-0.5260175559728184,1.0
1.1632085150082174,-0.4671619464406052,1.0
0.21320595711100782,-0.005078615148031082,1.0
0.0966796581836519,0.4312736230597547,1.0
0.7618661405138208,-0.5375887765779054,1.0
0.5436784039243019,0.7903711342463595,0.0
1.1182575751316017,-0.5867372634096915,1.0
0.6512956257260232,0.624102796413159,0.0
-0.5298835268594547,0.9861428080275616,0.0
-0.017672556961242116,0.4732549201823566,1.0
-0.6253561646292493,0.8797786571488855,0.0
0.6109647747000952,-0.47378563032275517,1.0
1.8504509031122145,0.11913205292826291,1.0
1.194018580559364,-0.451152412072453,1.0
0.34152032653601505,0.8944666516840366,0.0
0.0631239115192033,0.10427519917139287,1.0
0.46150319549390284,0.6531364154283316,0.0
0.26904855270771627,0.9883418107534516,0.0
-0.9669474559550089,0.25029056245040626,0.0
1.9442201549813234,0.05843657216556071,1.0
0.19040155590544455,0.9008614782064669,0.0
1.7387830934187478,-0.18510569507065647,1.0
1.6137182758664803,-0.43945551181606857,1.0
0.5305500853121478,0.5987395641470269,0.0
0.44933545583769563,0.9498180409691848,0.0
-0.1183153982331562,1.049642163256748,0.0
0.2790647145576383,-0.3733948623047468,1.0
-0.10647736269365603,0.9487351378226734,0.0
-0.9562939142883763,0.6140493081575404,0.0
1.6391218512532972,-0.21302578435329567,1.0
0.17762599664703804,-0.05223446053286221,1.0
-0.519434883295402,1.0095827818502052,0.0
0.6299394214906027,0.8642121701415455,0.0
-1.0971773502222206,-0.16176276523239067,0.0
0.8397619758897913,0.3931793072492775,0.0
-0.7777051692500265,0.6374946789232515,0.0
-0.03733801056610481,1.0288449567497273,0.0
1.8623215616485655,0.005260679493419657,1.0
0.6605245810301865,-0.3864880448403573,1.0
-0.25058234284119085,0.8394169041163642,0.0
2.1532834816769886,0.46591338394623094,1.0
0.08573888047193913,1.120199218660663,0.0
0.08818838691143836,0.5170044463246843,1.0
1.9453058191531478,0.507129575913996,1.0
0.3220490574535847,-0.2724088140265919,1.0
0.9095064828285857,0.5689058440982118,0.0
1.4623687176370923,-0.30016620941388017,1.0
1.5046118356374718,-0.24292831701361092,1.0
1.6278645189306689,-0.29232254022573284,1.0
0.08089117984674049,0.20567606498776125,1.0
-0.020392988928270073,1.157185811780983,0.0
2.0788535834232107,0.29268552552423766,1.0
0.6582033898826579,0.5614323130248454,0.0
-0.7649103307738767,0.8655778408575769,0.0
-0.31091056413311335,0.8125483032361854,0.0
0.09052499530725724,-0.19066790402644432,1.0
0.7105445821541778,-0.5730471835491574,1.0
-0.8959614988817376,0.10611090358561387,0.0
1.7427704944314735,0.6093492144521213,1.0
-0.7418198430304785,0.5864799291469909,0.0
1.0306881127011596,-0.5089297435509018,1.0
0.8708168188505925,0.38924834690518295,0.0
0.36805056060485075,-0.2646335435331556,1.0
-0.028727519221954392,1.1460236744492016,0.0
-0.5928436294647197,0.8565014329061251,0.0
0.5758176274481865,-0.5041826249753399,1.0
0.7667130157004571,0.5471292204121437,0.0
0.5786996172240869,-0.19444233655955775,1.0
-0.9010179204015882,0.4102272755595412,0.0
1.3201522946089355,-0.25582218356925324,1.0
0.16542792621412386,-0.281603247572919,1.0
2.1234303174515516,0.22552441022922,1.0
-0.4065651876273738,0.966306169415539,0.0
0.768915142737666,0.6650453506333498,0.0
-0.5524174817225541,0.6878549432158583,0.0
-0.12762405094398552,0.4537819180259069,1.0
0.07990380010103951,0.34201465684587734,1.0
0.4744316488345685,-0.49920627023042974,1.0
1.030116741834907,-0.3963480925613328,1.0
0.40734196382559595,-0.33460548861662875,1.0
-0.13224850797375992,0.9001769045502506,0.0
1.4990070987384367,-0.30925234452001166,1.0
0.8198856476628197,0.469911934792094,0.0
0.778548765572841,-0.40010267563504304,1.0
-0.002406530389815413,0.13343062725109067,1.0
0.8136325508974954,0.2506275056888665,0.0
0.5009243552182521,-0.35030481165745264,1.0
0.4341322532982812,-0.4464642907942081,1.0
0.10503301238616808,0.8180007249253236,0.0
-0.9871687859996994,0.24255091184846736,0.0
-0.8904063638976915,0.33560912678283283,0.0
0.9471990507677481,0.37740454914413424,0.0
0.008348864153558351,1.0893038842120122,0.0
0.5583736823374217,0.9626626405308177,0.0
0.8682484881389064,0.36359773734120626,0.0
1.0445319337701986,-0.3868888433037046,1.0
-0.4400787941747689,1.0395994051148758,0.0
1.1461063788697854,-0.3767926515075047,1.0
0.6353518681045203,0.8204285441499871,0.0
0.025622115825110495,1.001821625224149,0.0
1.0256043339815308,0.18010520118731155,0.0
0.7345395917230613,-0.4234539703174529,1.0
0.9965089790245159,0.267677028219285,0.0
0.029359773118838,0.24429745380469822,1.0
0.9718954415833858,-0.5219574826906676,1.0
0.2253217665013444,1.0415757542372406,0.0
-0.5437300711389361,0.8183323072659794,0.0
-0.2036970223720247,0.4220831214869731,1.0
-0.04367380094727907,0.8486736460838498,0.0
0.7768388797854809,0.4655881290956973,0.0
-0.9673547518570798,0.2369040386717511,0.0
1.1688651981385414,-0.39828097649824973,1.0
0.9312950256985532,0.42517696926892423,0.0
0.9517008964502355,0.24561679088005756,0.0
-0.06532685555658642,-0.06076532775066679,1.0
0.8736646889499249,-0.4808211725292559,1.0
0.11384418017205125,1.0003056525228804,0.0
-0.7061321359200949,0.4590432056326317,0.0
-0.199454970480143,1.0779901981509696,0.0
-0.6069207594747299,0.8165447925259096,0.0
0.5246450367375115,-0.3940251785413585,1.0
-0.8412668709819225,0.5057773484133699,0.0
1.791401755525428,0.18522829702720944,1.0
1.8177925851449714,-0.1533376956256827,1.0
1.3066567948702876,-0.40666100535909394,1.0
-0.0683600673869563,0.41688528491067656,1.0
1.6485676573140278,-0.38189864332428236,1.0
1.0029392482817245,-0.45771631226046067,1.0
2.119393332536348,0.3870356484906514,1.0
0.7558607861887199,0.7595557334797474,0.0
1.0500955368347353,0.11647354555595663,0.0
0.242502048398199,0.8874949141659974,0.0
-0.3776098731445351,0.7384623065653109,0.0
1.734281227752158,-0.45604605360537176,1.0
0.805921921742712,0.37373698397525357,0.0
0.4031680105528923,0.994507524662331,0.0
0.27326802126482513,0.8904462167842471,0.0
0.5139437597295324,0.7678897814695705,0.0
0.109834869694339,0.17074643258131184,1.0
-1.0052889415469082,0.2539393987340437,0.0
1.1162680543163679,-0.47213852038259896,1.0
-0.9182169887400713,0.05970852754182884,0.0
0.49726057684265845,-0.31579535071074066,1.0
-0.890868334001151,0.11512399595668041,0.0
-0.10865726369819198,1.0766539773310206,0.0
1.9645177611137958,-0.04344821636476871,1.0
1.8883960318778175,0.42433884000681765,1.0
0.20352359598306105,0.2753543630242875,1.0
-0.9611819151314193,0.41637956371467155,0.0
0.2131364748651924,-0.2968218949607634,1.0
1.9176790733614186,0.16092418261282426,1.0
-0.7086791675452371,0.6262415715067824,0.0
0.4420699130673248,-0.10439422566405776,1.0
1.706312339711258,-0.18083397790625114,1.0
1.0021840532724815,0.20785015216823693,0.0
-0.6938012537651714,0.2751379110876204,0.0
1.7523974057601528,0.03658905406660282,1.0
0.9200141858415725,0.28760280536736255,0.0
0.21203372895008996,0.07290478465223921,1.0
0.2848463512381545,-0.33607693847633824,1.0
-0.800961607604272,0.5864820515611615,0.0
-0.5327491412649764,0.7168847364929386,0.0
1.1443889198862773,-0.021450648707425586,0.0
0.5995266902381164,0.481251122463339,0.0
0.045166322235904686,0.37172833159672036,1.0
-0.8715510643999584,0.318625469146124,0.0
-0.9303911554046133,0.3893783686525738,0.0
0.5230686863622056,-0.44373430758588034,1.0
1.814462510206705,-0.11717259924737927,1.0
1.0169735326001224,0.5759153695338874,0.0
0.9263292490892621,-0.2899842940867574,1.0
1.1598211051258016,-0.23845081544291066,1.0
-0.2428302789687322,0.9323460021827885,0.0
2.0986622065480502,0.35561517694157213,1.0
1.3792939665060553,-0.521459325925672,1.0
0.8146766103147932,0.6297685117808355,0.0
0.02487580286100386,0.47529181020151035,1.0
0.7247378806701323,0.5357754021281887,0.0
0.7153871641224033,0.6249708008909107,0.0
0.6443375677051697,0.806732648937021,0.0
0.3021973584550415,0.10770279699472375,1.0
-0.24787134172013234,1.0157232973742076,0.0
0.0967259332634179,1.098568295629908,0.0
0.7902600441315502,-0.4999082399447365,1.0
-0.9738045988932158,0.24959965935167197,0.0
-1.015626614535229,0.3606116351855765,0.0
0.4372639382936359,-0.3793193517041831,1.0
1.0572206139209448,-0.5498201896505612,1.0
-0.029388186741988696,0.3618753647906134,1.0
0.1847818319474714,0.7668356699818217,0.0
0.49395698030163454,-0.3490586173433156,1.0
-0.5419601850394788,0.9098990701233012,0.0
1.0451449142645328,-0.4068872851360127,1.0
1.713298665227182,-0.2316167005966621,1.0
0.2651265367726426,1.0534582062262714,0.0
1.829513035654473,-0.30910816156418075,1.0
0.034989199660740516,0.9840987420464388,0.0
-0.8173257933752045,0.3727457939551772,0.0
0.7431062209227212,0.7307113205228563,0.0
1.8950701827116287,0.4708993335943716,1.0
1.9765624386872274,0.3786293726522545,1.0
1.2410231942281835,-0.6224386965990236,1.0
-0.7701407437451687,0.7029137725245899,0.0
2.1134675593187016,0.08162506354463783,1.0
-0.008811558699895555,0.9628280948708168,0.0
-1.092800545640643,0.382688391876196,0.0
-0.039887428512257475,0.9959712826415824,0.0
1.0186203564933338,0.08823162132891683,0.0
0.30560681571408743,-0.2921591186519995,1.0
-0.8818017500720626,0.5326491789102062,0.0
0.9394116725699381,-0.5303455761177742,1.0
0.04041010163986688,0.02217978680342958,1.0
1.5544535185427681,-0.1986753816228936,1.0
-0.8323307887892621,0.2727301124387195,0.0
-1.0641207975368774,0.29164739377779264,0.0
-0.8137316745156261,0.5025777504857565,0.0
0.09298656220385652,-0.09055176729978943,1.0
-0.03499689432169058,0.8464456368495767,0.0
-0.914492924561183,0.4959290753410601,0.0
1.8214601830922414,0.3760246692148601,1.0
-1.0318577559923865,0.46094608120757524,0.0
1.7695707373712506,-0.3492675620194229,1.0
0.08448975112164403,-0.24161271763381234,1.0
0.7866026193983691,0.2312567885479084,0.0
-0.8259683320120695,0.5392326637952429,0.0
0.13777846555354012,0.9659768887442011,0.0
-0.800346507395854,0.8009268529283656,0.0
0.19728283546419445,0.9882096524922604,0.0
-0.023911437159816237,0.5504193779584902,1.0
-0.934313032740231,0.11239165928174544,0.0
0.375412681269937,-0.13633928960447603,1.0
-0.2586140320073468,0.5927780150236877,0.0
1.041056219305914,0.548803888687249,0.0
0.5595750505498623,0.7128500924474037,0.0
2.008663719107477,0.12753777360347723,1.0
1.3896384364750551,-0.5198416571770765,1.0
-0.0013617691268775697,0.9870158243647331,0.0
1.982288923192738,0.37756982819970514,1.0
1.7325088820709025,0.2919175162702036,1.0
0.7719861967134733,0.6804250108807296,0.0
-0.3471631834210882,0.917465793074073,0.0
0.8182653790084722,0.6134077797440054,0.0
0.8180605717866554,-0.5131808365634329,1.0
0.008792555673523878,0.8658490649369236,0.0
0.4600498748290774,0.9794487285409718,0.0
0.18418506131405718,0.8513062182292,0.0
-0.153097351830951,0.9182897788958012,0.0
0.4202100780509802,-0.44397431147059807,1.0
0.3545182623845021,-0.4164104735996107,1.0
1.521565371592547,-0.3197334074654833,1.0
1.0914936109986058,-0.514091330482227,1.0
-0.3755188004932688,1.0853251921704898,0.0
1.8451051042196445,0.25122174495460226,1.0
0.5432316696066867,-0.40995734952354784,1.0
-0.2318905101739987,1.0924005566267319,0.0
0.8262746962253925,0.6227944349302952,0.0
0.41964049354014377,-0.21477251414813298,1.0
0.978976323123312,-0.04879269232847597,0.0
0.20796828130245068,1.0535774510783742,0.0
0.04102046724293937,0.024091487938201976,1.0
-0.7761567678871989,0.7566373304298947,0.0
0.746267820408853,-0.4881164321731459,1.0
0.7169705227455573,0.6207632522616636,0.0
0.8684212090611776,0.7225781428977804,0.0
-0.46832590013302505,0.7526404609394478,0.0
0.4975870857213612,-0.47224516841460995,1.0
1.3436838951508383,-0.5283445752986177,1.0
0.4461256737683734,-0.381907294930833,1.0
0.3220186579526928,0.832601422523667,0.0
0.4587634698910224,0.944145474295039,0.0
0.024474651799228697,1.0355580810943268,0.0
0.871786967958564,0.5578022141264267,0.0
0.5119369007045567,0.7017046398963724,0.0
0.5478250709887234,0.9585192176197624,0.0
0.8149569557809994,0.691143986368062,0.0
1.9075221578615396,0.5070292531160874,1.0
1.0460249069630692,0.33925066232648454,0.0
-0.009135526604125255,0.47429436569554834,1.0
1.3257116084742377,-0.45977086114286536,1.0
1.8064687751523145,-0.22793559370122027,1.0
-0.7354686107355914,0.46868877500438827,0.0
-0.833375750526434,0.44975705794563015,0.0
-0.7905387177701123,0.7055112064990705,0.0
0.10986810037271938,0.3420648833795088,1.0
-0.825881552730076,0.6908431578403322,0.0
0.22953940592854366,-0.16678828788771516,1.0
1.3522879048470564,-0.3853195391856692,1.0
0.44834198866592717,0.7741189746314673,0.0
-0.27365996911578133,1.0630802608321903,0.0
-0.08961299021348385,0.039337419007142604,1.0
1.7319164176632882,-0.11526467410848565,1.0
1.9370408371593475,0.5579053502513567,1.0
0.25037771124164543,-0.2064483249758675,1.0
1.24855719422953,-0.3626468004896136,1.0
0.27904086932476496,1.0793578553603054,0.0
0.4596155454361059,-0.17279715310130245,1.0
0.410606704118078,-0.4407432082744582,1.0
1.7944958696101787,-0.06598280775689322,1.0
-0.791988333033519,0.6931618880344201,0.0
-0.8861602598943275,0.4022308337056718,0.0
0.0046037908255336865,0.24944287800262238,1.0
1.0747485033747055,0.3361027429070178,0.0
-0.11751332663299449,0.9704577193331911,0.0
-0.9403292819842713,0.2365528207096049,0.0
-0.49149144106947207,0.9351677479436782,0.0
-0.397027557648698,0.9995608770776885,0.0
1.8760731545752127,0.5519519396109003,1.0
0.5441663304625025,0.49954344313196986,0.0
0.49026469601422346,-0.4204594003998028,1.0
-0.6154348117510572,0.8204134328063354,0.0
-0.3133690337091658,0.812884090498764,0.0
0.7409227633731986,-0.5651241957747406,1.0
0.08528641245703449,1.0112960320846807,0.0
0.8130543883524011,-0.4545443380715356,1.0
-0.3066295235606921,0.8208968085019563,0.0
-0.020093785676990703,1.070694254437864,0.0
0.4320578967379753,-0.37499227681704367,1.0
-0.8815888541842398,0.057023048523581976,0.0
-0.782756074610548,0.7203003455673291,0.0
1.8223363785810922,-0.06033040593721554,1.0
-0.5472286207012375,0.8074531542937253,0.0
1.7633670055482,-0.08461579870141618,1.0
1.9092880672847201,-0.08749471510533954,1.0
0.9294627068815813,0.10135374188123938,0.0
0.03551394384578686,0.19707331507052964,1.0
-0.2717360665173566,1.083594214441136,0.0
0.31392499118115563,0.9861821819868947,0.0
0.1948455032274125,0.21399255715697607,1.0
-0.205403328229965,1.0187762946780072,0.0
-0.9826843027694099,0.2101009808754964,0.0
0.9965619724805664,0.412788932199065,0.0
-0.8378540874971746,0.06880232870692038,0.0
1.4629514303604725,-0.33226026744387144,1.0
1.9788864058056033,0.33525285331350174,1.0
0.7161468248625006,0.696626310725278,0.0
1.8420557768765478,0.1163799179514681,1.0
-0.07930661692933338,1.194812394778937,0.0
-0.06914257639994355,0.1295707554058997,1.0
0.8460454567774335,-0.3127326231209532,1.0
0.8561313454850806,0.4629908255529787,0.0
0.0069312104848279,0.28120280675286585,1.0
0.009065727501059264,0.19024121994964321,1.0
0.22651427694859205,0.8700125623323254,0.0
0.9178914310596906,0.30418154982109336,0.0
1.4812967685934866,-0.2662337655057564,1.0
0.9347796592242049,-0.441488506903026,1.0
-0.7235956946964441,0.7356014584335727,0.0
0.6010457229900555,-0.47317860682813023,1.0
0.9944297317064642,-0.5198539205800959,1.0
0.41621305723824076,-0.34522086605794583,1.0
-0.5289077990520382,1.0138236584599967,0.0
-0.004356311198413537,1.1040630079254266,0.0
-0.9260042746373116,0.7522419161750102,0.0
-0.49120304870423964,1.0990750461942393,0.0
0.15220565390283333,0.8782368363091816,0.0
-0.04216882505274931,0.8817214394779094,0.0
0.9745868117618912,0.17177815489289927,0.0
1.6154863249745948,-0.4008051859038707,1.0
0.9630609979992726,-0.3940173220112895,1.0
0.8463521743645319,0.5426773556997107,0.0
0.7786128284485904,-0.5273063781337233,1.0
1.8575515901755557,0.14548288477661742,1.0
1.8112108937471174,0.379198622981115,1.0
0.19291033545101788,1.0611223243142214,0.0
1.2147943096439553,-0.5021168824670326,1.0
-0.7484985124602075,0.5628696280268596,0.0
1.1282544998206003,-0.6296499153442467,1.0
-0.7955811006424394,0.2345206517445657,0.0
-1.0753189339584757,0.1779089748304295,0.0
0.2668004181985672,1.038441899595781,0.0
-1.031786778301537,0.2479144586088764,0.0
0.10469582476971755,1.025620174363113,0.0
0.2913893251251361,-0.16442110188287362,1.0
0.8175369123762601,-0.3916937686727609,1.0
1.8677467609144212,0.09291879868496691,1.0
1.1361963253737695,-0.4522458788317475,1.0
-0.03572913600765708,0.8865739865836348,0.0
1.7618760669591997,-0.017955625605917125,1.0
0.7610309039256398,-0.6635368955082745,1.0
1.9635961336153351,0.23471983404721297,1.0
0.23450327408593147,0.043842495527052106,1.0
1.7873057073350875,-0.01654490669793085,1.0
0.852652966082564,0.532262759921571,0.0
-0.36291793923616944,0.851745364036641,0.0
0.22282267396481542,-0.009366995598375574,1.0
1.8228876626870252,-0.20916811914934103,1.0
-0.05969097348357069,0.23486362048223441,1.0
1.3813867527946138,-0.32053914950159784,1.0
0.5370972874590298,-0.2652369409622259,1.0
0.9328698486895128,-0.4684843832333256,1.0
0.6742706838243359,0.9076149873400761,0.0
1.6531206326843066,-0.19021872571350035,1.0
0.6728889385759957,0.6532064390681038,0.0
0.53483128899128,1.0067674072664432,0.0
-0.9781405245223636,0.40471048220644373,0.0
-0.8129135137187404,0.7192558811195255,0.0
0.37308207193882814,1.146111767264879,0.0
0.3709094078660242,0.7767259277059804,0.0
1.2199245844418787,-0.40116552163262553,1.0
0.34294051808853887,-0.32026089761579385,1.0
0.37560330738106906,-0.3119528145024254,1.0
-0.8543573749794403,0.6404607891543189,0.0
-1.0208735850365838,0.37031905106988267,0.0
-0.02438125945900449,0.1223399662434152,1.0
-0.9934438693603805,0.30662932020544,0.0
-0.44585928004166175,0.863796807885484,0.0
0.639456135417751,0.6383198395351447,0.0
0.8300230797424992,-0.5714474000731287,1.0
0.9978758551552463,-0.5555329251253237,1.0
0.4653624813278416,-0.4342805692065879,1.0
1.464557930004093,-0.4022266566232807,1.0
0.8323419143613459,-0.5744803413858338,1.0
1.1704675708040848,-0.5816636871069597,1.0
0.5467060149201121,-0.29109382073527523,1.0
-0.017227942037373455,0.365239717535806,1.0
-1.019777516721709,0.31914463096076484,0.0
0.09295824448276784,0.9671818771643891,0.0
0.2015259575994226,0.9775816105292304,0.0
0.6529555510371661,0.6021530692242466,0.0
0.8677307755663972,0.3684318064782899,0.0
-1.0920729518084407,-0.02696915411900104,0.0
0.42350933110833494,-0.43111930784362085,1.0
0.8158604399003856,0.12190126948408461,0.0
1.7164721842784105,-0.4395474725445045,1.0
0.9433671764055215,0.7897267990686676,0.0
1.4709746940819812,-0.3867141754502026,1.0
-0.885665835135951,0.38500180979813586,0.0
1.4517204801076495,-0.20643943844436527,1.0
1.1940147110323114,-0.3970438486861898,1.0
-0.38053059784762033,0.9876174520535512,0.0
0.7293192717360144,-0.395748270736664,1.0
-0.8392325805667534,0.2937860848850551,0.0
-0.7994321243569756,0.44337801974254004,0.0
0.8674252366202293,0.508686317480947,0.0
-0.9567609938637932,0.5411883656038083,0.0
1.0086834550153676,0.05127842914475525,0.0
1.4662925021895836,-0.15880208234962467,1.0
-0.5545549181411161,0.7846889749153463,0.0
0.508184587418723,-0.3670838967019185,1.0
0.2818164929244195,1.0780448104180531,0.0
0.23133159738503942,1.0215239107590641,0.0
-0.02312702084536987,0.9723678304826234,0.0
1.8988905909240497,0.14670486959225573,1.0
-1.0304999865297992,-0.0671424206730734,0.0
-0.668176051325648,0.8829842666368772,0.0
0.929733150221123,-0.6058721704857003,1.0
-0.212982758161301,1.0901165713813747,0.0
0.9281520995519474,-0.5755266237664836,1.0
0.054184449528817534,1.057758819540734,0.0
0.5838178101621856,-0.4134543971127319,1.0
1.7054499896336315,0.031190130698397683,1.0
0.9222656153152803,0.4920030702649473,0.0
0.7220373161185768,0.7373035552460833,0.0
1.6712144079600735,-0.10078495125748188,1.0
0.6399684384567552,0.7110947120268726,0.0
0.8281053013324609,-0.274465564900056,1.0
-0.9129315336869799,-0.07972868316913231,0.0
-0.11965478712147137,0.24232416792162687,1.0
0.6888271448656866,-0.5326363165713556,1.0
-0.9222882059388332,0.0242247224336804,0.0
-0.9040232585606457,0.09159698305950773,0.0
0.43270241776934565,-0.4699148481370725,1.0
0.7372373571028739,0.3293533618851737,0.0
-0.7860760442889153,0.4656835259647598,0.0
-0.8809212548935648,0.16173556796600602,0.0
0.4755874853489272,-0.32269844591521185,1.0
-0.1576323106399529,0.9270436825690913,0.0
0.9260179061273862,0.21371288200632926,0.0
0.038519333433398056,1.0319157241724535,0.0
-0.24624529885986335,1.011774689173415,0.0
1.6123595428021626,-0.19833962595394963,1.0
0.682299942596126,0.7655143278075275,0.0
0.38043738247059417,-0.41673714993226557,1.0
-1.016214137248052,0.006738804404198125,0.0
0.10397302647678792,0.03814750053563637,1.0
0.19930436821904254,-0.26957227970878567,1.0
0.022832419081765164,0.26032849430672783,1.0
1.565301491130695,-0.29039308923516355,1.0
2.0540212332499292,0.06689428856665011,1.0
0.381748496366191,0.9549957714495785,0.0
0.694994761042851,0.7214351809787461,0.0
0.02853187059879647,0.6908313807926129,0.0
-0.9047204972725353,0.3518207576155872,0.0
0.6219023291208557,-0.2508166202276849,1.0
0.3020416452262077,-0.3468182996350242,1.0
-0.8693691461717825,0.6353688123520288,0.0
1.5113529756377535,-0.3146930465487428,1.0
1.5732882236067482,-0.5684249238308547,1.0
0.1019222389495997,-0.11312165421994289,1.0
-0.9982205519426055,0.4570278654468348,0.0
-1.0286339807930984,0.13302030547952043,0.0
0.8426243134568896,-0.43255943157287596,1.0
0.08866923840802785,-0.0782923923841414,1.0
-0.13488829912678332,0.6068935754307616,1.0
0.41508378349915653,0.9239530192788606,0.0
0.7363213960352474,0.6948384667205841,0.0
0.7268938801146733,0.40874940603149257,0.0
-0.034007383956495454,0.03981178677952296,1.0
-0.10639250544569784,0.1856505433186702,1.0
0.9532641758791134,-0.4934374332886007,1.0
0.5597401044372435,-0.39528578169421424,1.0
0.30773427309316154,0.9553553965930496,0.0
1.3007269329300695,-0.36242814141482294,1.0
-0.7114361090587892,0.6879000804390878,0.0
0.6728118271376107,0.5194899289742432,0.0
2.0987691583398314,0.2540052948154119,1.0
0.1705814173139842,-0.09646569515881837,1.0
-0.734902002962641,0.8843089595151497,0.0
1.9443862640004665,0.13437789196733324,1.0
1.9865731415862808,0.09477751289149716,1.0
-0.7918432322092618,0.5654707489114599,0.0
0.42670838601213446,0.5978062610231797,0.0
-0.2152880842424717,0.8158760571634947,0.0
0.6564848545398891,0.475929374744525,0.0
-1.1083590645965404,0.23118710748664714,0.0
-0.6598869293534548,0.5827716710445205,0.0
0.7383997838082909,-0.4084925695047298,1.0
-0.8464128136240705,0.20369709064548042,0.0
1.5214682269089124,-0.38822793901166597,1.0
-0.9357343705280139,0.18014883547998872,0.0
1.9288537960876169,0.4497132535283762,1.0
2.0003769032313508,0.4850654727052759,1.0
1.3431297784789074,-0.4410697465240158,1.0
-0.006066478453935764,0.19163296905587737,1.0
0.402192192430298,-0.34940458305752714,1.0
-0.7948419352189017,0.6388850749107761,0.0
0.1871595803064829,-0.010433918942462032,1.0
0.8557731955473706,-0.6634989062252123,1.0
1.0544866788739045,0.33412881403532424,0.0
1.6707469148543102,-0.18369544378854996,1.0
0.5481553075542986,-0.18360574282965159,1.0
0.9341954766388072,0.13675762469947297,0.0
0.0048074640480209145,0.24035410138481333,1.0
1.6293945075343486,-0.38140264529761814,1.0
0.8450479972689802,0.10169986422758634,0.0
1.9582357049759913,0.127130437112863,1.0
0.935963267042066,-0.5808682199925435,1.0
0.2906923873926107,-0.24468093359698295,1.0
0.2081529173071853,-0.061137586372469646,1.0
-0.04302934419232646,0.9599213267289931,0.0
-0.4190597095455024,1.0356834114728921,0.0
0.15227656841629597,0.16319879325120934,1.0
0.33048626395380043,-0.1473759503382513,1.0
2.0193606642118698,0.5116600457402353,1.0
0.134044225771744,0.4412220649801952,1.0
1.0436233646204949,0.3362558437677795,0.0
1.4933745032736978,-0.22989105624917555,1.0
2.046153593187698,-0.013107319685211057,1.0
0.7413855779104198,-0.4109502185854324,1.0
-0.18704571983234888,0.973002084302068,0.0
1.6096139656868542,-0.28413745515382804,1.0
0.7937230155524032,0.4111449965502467,0.0
0.39900576758314443,-0.13014846416494605,1.0
2.0033798742304603,0.09457974223135569,1.0
-0.2726793990363174,0.8962882596932471,0.0
-0.1692510743262172,0.9045723269681442,0.0
0.9376051010803775,0.6618842111220694,0.0
-0.004081886759874764,0.4064538877661863,1.0
2.0021529297948106,0.16620745208896848,1.0
-0.9729146159244219,0.06399618056624695,0.0
0.9678028116505919,0.008471194500703286,0.0
-0.7233211418386485,0.4033794475902622,0.0
-0.2055752544565328,1.1525445115073074,0.0
1.016500290305751,0.2105220889774387,0.0
-0.08693868617225083,0.22060316672979585,1.0
1.540618261364982,-0.09594215144594259,1.0
-0.04324876113998628,1.1500034604258729,0.0
-0.21955374112822534,0.9392842375795305,0.0
1.9623657795075589,0.48825778814886456,1.0
-0.4718022499089461,0.8789152106264849,0.0
-1.0051389380899822,0.46173867231658927,0.0
0.24285139353538504,-0.12457171648880289,1.0
-0.43286723862345344,0.7954489629362953,0.0
1.9952546607093742,0.28737964580397257,1.0
0.024153653679368267,0.363258348891348,1.0
0.6275131265795985,-0.34637459711674146,1.0
-0.4627482856781277,0.9135709406114293,0.0
0.2506999308250064,0.9991704479389611,0.0
1.200896045951339,-0.5178770608008674,1.0
-0.28325210839467835,1.0007265283155284,0.0
0.003393494233697794,0.39038006499432687,1.0
0.3551935740205894,-0.3019471150542774,1.0
1.4286687253950954,-0.3458735508071513,1.0
1.498863564008436,-0.28356129572949657,1.0
0.10913846293615065,1.1288001042912832,0.0
0.6467473575598518,-0.5840660200843162,1.0
-0.7697708112794439,0.7018492954306275,0.0
1.76360735693579,-0.200507152136417,1.0
1.583707475608582,-0.14080140085353202,1.0
0.628400075285028,-0.4738517955945028,1.0
1.690050984612552,-0.04543508485384005,1.0
0.6960120818687547,0.37607519919796667,0.0
0.05674343715155713,0.34548533125508063,1.0
1.0305226388418454,0.29743262979469864,0.0
0.7978517908392981,0.6255946206903913,0.0
-0.5914579033146107,0.6642633581444303,0.0
-0.7324062268831617,0.8569035401441008,0.0
-0.11231993883324583,0.32956423231033216,1.0
1.7294593393937272,-0.20571565122588414,1.0
0.03352209832004967,0.985720482359295,0.0
0.9632823768710177,0.41153673041296585,0.0
-0.2418987611907483,0.9872382844877935,0.0
0.23023663291109334,1.0167367015679405,0.0
-0.06907582240217104,0.22369718325613835,1.0
-0.9769381994390224,0.14210827954585872,0.0
-0.28937298786500837,0.9535670470757904,0.0
0.7616345139561549,0.6107060149887416,0.0
0.9077875949666042,-0.5450608907077864,1.0
0.05380597500630957,0.32698682775357035,1.0
1.8597459492497408,0.16466119035251015,1.0
-0.9298217301181708,0.051011755058652186,0.0
-0.016274717556766363,0.3266435859523383,1.0
1.4565124619963215,-0.33272015968093094,1.0
0.9688271062002883,-0.4920408203239574,1.0
-1.0788245393737212,-0.01685812124819132,0.0
-0.5987822111344063,0.6710068664850763,0.0
-1.0230763892725563,0.1428378510352981,0.0
0.9048117727305995,0.38691900599020423,0.0
1.1908884776430688,-0.36360411039615587,1.0
0.8882438734131222,0.3214793381296164,0.0
1.252011610208279,-0.42035960627091845,1.0
0.7884230759519788,0.7153410903621851,0.0
0.8015416631744439,0.32889589936980845,0.0
-0.7990927145478219,0.6507864388094837,0.0
1.1551203424850018,-0.3227235119610927,1.0
0.5985411408149304,-0.3891334280121591,1.0
1.335333934128931,-0.29684542229644645,1.0
0.9124436090519105,-0.3531005052375754,1.0
1.042147764089863,-0.07213455291834668,0.0
0.9206546081566792,0.6080886503262801,0.0
-0.09048182643415767,0.0751530233552369,1.0
0.4783707528373376,-0.5012762171446614,1.0
0.4841856974958154,-0.24732350956168433,1.0
0.08603476230528181,1.0537889452696927,0.0
-0.7179018325254467,0.7532228621470685,0.0
1.0434754244791453,0.10141984428780758,0.0
1.9496848308567865,0.265456530715583,1.0
0.927862096255045,-0.514422228325405,1.0
-0.2690430896240438,0.8250324262978102,0.0
0.9085051648938859,0.21644285415176095,0.0
1.1889939182941849,-0.3431917766323973,1.0
-0.5192905148045155,0.803263882435382,0.0
-0.35837623331958757,0.9421378957213762,0.0
0.49662251945943214,-0.35029940697866574,1.0
0.1532939961150452,1.0485665207314916,0.0
0.2858904758967232,-0.29528489004853203,1.0
1.108541840354529,-0.4357665708699847,1.0
0.04920509515138455,0.9010970305244272,0.0
0.015310209314496025,0.42137136166991873,1.0
2.283558852463025,0.23631229581120083,1.0
1.1764633589785884,-0.5046637738230151,1.0
0.4977866175895973,0.7224362028038057,0.0
0.6970584616002529,0.3908529664263486,0.0
-0.8054189340928912,0.6614586501801305,0.0
1.2888098114385669,-0.4807387408407152,1.0
0.6334723763085358,-0.18623850706423872,1.0
2.047375844000447,0.4793825891345512,1.0
0.05091500735483265,1.1389587884067491,0.0
1.2008980543546026,0.2088699665318427,0.0
1.7019098169807372,-0.32515110041767653,1.0
0.889048764638424,0.3967910851399948,0.0
1.6398653681828335,-0.24718909710313852,1.0
1.0915124727049668,-0.3889355604294714,1.0
1.7074607334133072,-0.24607995297714214,1.0
1.7174753429652176,0.4783870743148434,1.0
0.440472421304961,0.9785407966137033,0.0
0.961556688665083,0.08918993778681575,0.0
0.8741018641083815,0.5951011896939684,0.0
1.666539356129893,-0.1525750744193548,1.0
0.7473267152480157,0.553903714749038,0.0
-0.5284952802543128,-0.5409140256550784,2.0
-0.5636988836368295,-0.7573356211116142,2.0
-0.7368741118214055,-0.5112164330062883,2.0
-0.41511875250206604,-0.4067618542407948,2.0
-0.19317834224021896,-0.61168351282482,2.0
-0.633681776826414,-0.6860424206711289,2.0
-0.8635457384433644,-0.7129746800047814,2.0
-0.6699875688180362,-0.776287200970191,2.0
-0.4776501747893696,-0.5922741294226944,2.0
-0.5398083576588659,-0.633620425259696,2.0
-0.5842960901589511,-0.6721111076910742,2.0
-0.6547479481973928,-0.26650964891214485,2.0
-0.4609555351864616,-0.6015961892011015,2.0
-0.5271340732199264,-0.8307159965809369,2.0
-0.5424314816847242,-0.431350995198185,2.0
-0.6590933776081883,-0.5777826273346356,2.0
-0.5697622446794838,-0.7253696843715329,2.0
-0.5101583410052878,-0.3860289468650958,2.0
-0.4723244476483389,-0.7495939857561185,2.0
-0.3221894980349166,-0.46882922695329576,2.0
-0.6025004781400219,-0.6655240485491977,2.0
-0.6385838790056558,-0.8227001174252044,2.0
-0.667019882572369,-0.6337303697217466,2.0
-0.7211348803021799,-0.6727526577779271,2.0
-0.5868179688261527,-0.5834685200215793,2.0
-0.5826921414187032,-0.5113798323820112,2.0
-0.6148330984430896,-0.7079729268091822,2.0
-0.3042501067417004,-0.2673715442264728,2.0
-0.6795805951169379,-0.47364815999373905,2.0
-0.49905090771394,-0.5882903640421098,2.0
-0.6252861819096136,-0.6293848397779906,2.0
-0.7239818315941721,-0.5286912232769394,2.0
-0.6617865004414643,-0.8748516638775705,2.0
-0.6319294586176918,-0.565290738548566,2.0
-0.5559310238878011,-0.6129210058137545,2.0
-0.25102836167795683,-0.7162682085464498,2.0
-0.6224649958465178,-0.49645399228234277,2.0
-0.575026570557094,-0.8220704807820566,2.0
-0.8053472502433747,-0.5270358558720255,2.0
-0.8028306168885064,-0.5338280574394711,2.0
-0.5319598932336415,-0.3961561819205275,2.0
-0.5256781125920883,-0.9312609258474333,2.0
-0.5289361511530883,-0.39974752461324237,2.0
-0.5363232324988366,-0.574301400912168,2.0
-0.5495425329031666,-0.5784882298807448,2.0
-0.7496289096428301,-0.36016375591579797,2.0
-0.7041607384365589,-0.7377410769820341,2.0
-0.979506657355691,-0.7016419425399999,2.0
-0.7045519110182477,-0.49961866864000615,2.0
-0.8144251800088882,-0.38985344373574404,2.0
-0.4572787767850621,-0.44737853945878947,2.0
-0.6338636976453018,-0.6010215718692228,2.0
-0.7586139492916714,-0.6961371096147131,2.0
-0.5879323684681571,-0.39464790545259737,2.0
-0.5659117057431422,-0.3801418587902382,2.0
-0.32062808145720173,-0.7017376840175745,2.0
-0.8564768146809081,-0.8375503605642737,2.0
-0.8396481644700516,-0.8019315624506813,2.0
-0.4700362694747353,-0.6803303370489291,2.0
-0.6339799189887267,-0.5246437058256138,2.0
-0.636745001904943,-0.730486032324426,2.0
-0.47046509468591124,-0.5249804723569423,2.0
-0.5840923482013446,-0.7508982840685864,2.0
-0.6004038880433252,-0.6351227801910302,2.0
-0.6705355797743754,-0.5331899448324553,2.0
-0.5434147832281987,-0.6411226448589729,2.0
-0.7775297118344546,-0.6869700371127893,2.0
-0.544939542613786,-0.8111926806501147,2.0
-0.8567863670705334,-0.6842511239001087,2.0
-0.49656524319951195,-0.4501558702131775,2.0
-0.5917603161294239,-0.6805601958215945,2.0
-0.7413153656394575,-0.7740330620860931,2.0
-0.6542475588681717,-0.6726732442397152,2.0
-0.5708767562987129,-0.6504955732441401,2.0
-0.6246833039372393,-0.558270087538777,2.0
-0.49637976232888736,-0.5424117793544485,2.0
-0.7929665647268966,-0.46708415662185676,2.0
-0.7625011378246378,-0.736938886751374,2.0
-0.6810457969346273,-0.5949917358432374,2.0
-1.1194180347838296,-0.5591270014891159,2.0
-0.6931392635820701,-0.8196870727802412,2.0
-0.43571260164596526,-0.42717805474883264,2.0
-0.5699742774607599,-0.4727236380839989,2.0
-0.8124367944940196,-0.5786869962785627,2.0
-0.42557058404079096,-0.2303441601831488,2.0
-0.5077024890052791,-0.4961944342258913,2.0
-0.556318350060844,-0.5312118617780307,2.0
-0.46905259494494145,-0.416673154992746,2.0
-0.5356756033576203,-0.5153304890902909,2.0
-0.6936625745784878,-0.5436369003821817,2.0
-0.6300624472803975,-0.4885442909611656,2.0
-0.44528920706344566,-0.8681897782248116,2.0
-0.7170703820844974,-0.4394598397280468,2.0
-0.43528939850028553,-0.5920338873581682,2.0
-0.5889217871269292,-0.27537638096680284,2.0
-0.3344668225640613,-0.5277959623710614,2.0
-0.4257519639640106,-0.7944139267055264,2.0
-0.7550366548442894,-0.558265546503387,2.0
-0.4800978047398601,-0.503461842939783,2.0
-0.6374967770035141,-0.595401884534799,2.0
-0.5030433702608538,-0.5513541520715945,2.0
-0.49921813764243445,-0.7282678357239956,2.0
-0.7650059471937016,-0.6041990719191541,2.0
-0.8394824259045884,-0.576685098684811,2.0
-0.6540539711058033,-0.48812681633267224,2.0
-0.6103259387891866,-0.5260537732502357,2.0
-0.34620890168224966,-0.48582297093451476,2.0
-0.5775155153259757,-0.5196113339349787,2.0
-0.3810936632581363,-0.5471679947178681,2.0
-0.6960933127489568,-0.5363654034703111,2.0
-0.5413027825638046,-0.6369693465018563,2.0
-0.5637637752364222,-0.5270741032727192,2.0
-0.4473411770338809,-0.7924304677234749,2.0
-0.5102879983541845,-0.5017631456726847,2.0
-0.6705520154444092,-0.6848810653282602,2.0
-0.7171353596815547,-0.5265248533806699,2.0
-0.6298574537459697,-0.5474353886650953,2.0
-0.43571857314603524,-0.399238694517434,2.0
-0.59540738245256,-0.49517735887887593,2.0
-0.6575457501553474,-0.5885175385009043,2.0
-0.48134972612302795,-0.663301542665058,2.0
-0.7895628869447939,-0.8230856577855495,2.0
-0.7818131339952116,-0.7222248593258094,2.0
-0.5793727890365088,-0.7078944281140493,2.0
-0.6928744051547536,-0.6432359469706734,2.0
-0.7480234788774232,-0.498064423118315,2.0
-0.579070278785172,-0.5571795947003141,2.0
-0.49405728321204956,-0.6591090223375018,2.0
-0.6640597721973908,-0.6181849448686096,2.0
-0.35007256384187385,-0.4754151164509257,2.0
-0.6287076699454671,-0.7198762286759683,2.0
-0.6766968998175109,-0.47578376529534944,2.0
-0.6404719373504083,-0.648833949251034,2.0
-0.7712932258663947,-0.5805690171045581,2.0
-0.6673056669359313,-0.4965678348053647,2.0
-0.6242243226906772,-0.49076166027695783,2.0
-0.6370946875081216,-0.7035710740309568,2.0
-0.7328576970891669,-0.6183593650243817,2.0
-0.7031026156858355,-0.7000205246765795,2.0
-0.4524144737635077,-0.3583610401694399,2.0
-0.6680022163430488,-0.7717737042044308,2.0
-0.4694653173465648,-0.5838578507232389,2.0
-0.6034263356123059,-0.37970499108363354,2.0
-0.7517364209412362,-0.5251524372749963,2.0
-0.4869717480631721,-0.5454803109649164,2.0
-0.8816087325702433,-0.7028347627153027,2.0
-0.7703825951185119,-0.6406153893301749,2.0
-0.3523507253307798,-0.5166338115859407,2.0
-0.4257493041220698,-0.5030157893503432,2.0
-0.6372433339650818,-0.8265334071364655,2.0
-0.5518092419889764,-0.4619423301316754,2.0
-0.47922164400333,-0.8381827258987157,2.0
-0.6097142081799203,-0.4350768057568665,2.0
-0.4060211857628011,-0.6516454261147856,2.0
-0.4841330862542287,-0.757791593600998,2.0
-0.7862979968315839,-0.5874427105707519,2.0
-0.4902788442283931,-0.6269668373214685,2.0
-0.6046666455180226,-1.1714835566777344,2.0
-0.6247179069599227,-0.7926152589802127,2.0
-0.32879327092257576,-0.7666767916612162,2.0
-0.3514787609921442,-0.5208324566454852,2.0
-0.5556552961740421,-0.6187552710787602,2.0
-0.5292988011333819,-0.8184978236413532,2.0
-0.5808921059613431,-0.7516223042832433,2.0
-0.6002915079982135,-0.5417719655000237,2.0
-0.6618351679196013,-0.6241072591516321,2.0
-0.7650734621627705,-0.7735886311326035,2.0
-0.4825055192042023,-0.7951548079184934,2.0
-0.3633194382389996,-0.33893774551013583,2.0
-0.8928321655216491,-0.4619989560082231,2.0
-0.16916853587339586,-0.7759611308898241,2.0
-0.7774862028740555,-0.6786384382339463,2.0
-0.8881327235995107,-0.5848480883780205,2.0
-0.4735761861022434,-0.5129237588471964,2.0
-0.2611462662992371,-0.6316094656264895,2.0
-0.822590373485908,-0.6379247330013473,2.0
-0.5876854167588631,-0.5903508621793132,2.0
-0.6155438591216336,-0.563876671826697,2.0
-0.8112213829919794,-0.48872704129450567,2.0
-0.637632316841476,-0.778282655955859,2.0
-0.7870182696227402,-0.5329464897669501,2.0
-0.6408181126796442,-0.6006832830708608,2.0
-0.6748305690488144,-0.7263431319178544,2.0
-0.4788053257728507,-0.6587856783209909,2.0
-0.37934974965427115,-0.6873929203614855,2.0
-0.44995096307729954,-0.6278000409484711,2.0
-0.577615654970866,-0.31726776102063386,2.0
-0.6597630785281882,-0.651741860864845,2.0
-0.6444043739441693,-0.5613923900383694,2.0
-0.6712783929346948,-0.7124455132717017,2.0
-0.4742973118220031,-0.5646418734244902,2.0
-0.724146837624723,-0.3356921874276334,2.0
-0.6185005389449943,-0.7442221566647668,2.0
-0.5648658596664904,-0.6478187392558266,2.0
-0.17801369272567208,-0.41850051489292295,2.0
-0.7169078299458926,-0.6607944126204527,2.0
-0.7202758773633524,-0.8827513061789161,2.0
-0.7869258359230992,-0.7187566035928575,2.0
-0.4816930044521909,-0.8286594887793568,2.0
-0.69122083954635,-0.8145602374045241,2.0
-0.6251071150130113,-0.7749514887020751,2.0
-0.7250541300576949,-0.4672275619875639,2.0
-0.7056283139181085,-0.8667845956512175,2.0
-0.43577122542095326,-0.5837301393668533,2.0
-0.4743986704521872,-0.6719904044156154,2.0
-0.5774994103029538,-0.44515790493244345,2.0
-0.4938110869041057,-0.5259015252739616,2.0
-0.7189824927985232,-0.6058253094410448,2.0
-0.45661058380032915,-0.6168224037060774,2.0
-0.4654456866666621,-0.5133087188014647,2.0
-0.5814200613759171,-0.4885821910566157,2.0
-0.9011242740892018,-0.7087712375129268,2.0
-0.37175066253429556,-0.7960160144498308,2.0
-0.6892246416639606,-0.5885239514825182,2.0
-0.5390239255894586,-1.0332013847390087,2.0
-0.6237660498684868,-0.538664538896945,2.0
-0.5357301208333459,-0.6693296938586452,2.0
-0.41536717505078447,-0.9560180067935165,2.0
-0.43928564915660906,-0.49923066153287166,2.0
-0.39573810553319044,-0.7639051845768865,2.0
-0.40967658381436056,-0.4089828739435155,2.0
-0.4057763688430453,-0.7086237952058388,2.0
-0.550307654667466,-0.47571643535924474,2.0
-0.5665190784662091,-0.5957807573262576,2.0
-0.7395638764815431,-0.6096864131909603,2.0
-0.6001924645016496,-0.6811671589420137,2.0
-0.22508846227239904,-0.6121764754424555,2.0
-0.44808630620305434,-0.5428832484852096,2.0
-0.47309115001942353,-0.49860078100487837,2.0
-0.48551139038772984,-0.6414563685521397,2.0
-0.8160507414563705,-0.43745999697839016,2.0
-0.5249979721666083,-0.4812910742516061,2.0
-0.6530114528037738,-0.9374022632262886,2.0
-0.6544396658576801,-0.9856379641394513,2.0
-0.7109017417577006,-0.8525036308711996,2.0
-0.6791344030127261,-0.5862170659374533,2.0
-0.3834010301757822,-0.8363795609407507,2.0
-0.5401020302257824,-0.7551864246732501,2.0
-0.966384045599515,-0.504348308342546,2.0
-0.5341563383640878,-0.5767146040643356,2.0
-0.7266965912538446,-0.6115197856241054,2.0
-0.43657367730491936,-0.41667439018050606,2.0
-0.4637359139372278,-0.6724252910219355,2.0
-0.6828057420214012,-0.8149562095419155,2.0
-0.6349501369416637,-0.850589425763628,2.0
-0.6295104368747101,-0.732026381312785,2.0
-0.7317410351964442,-0.5010032605149654,2.0
-0.6578245978046297,-0.5137251735472919,2.0
-0.6363003487624649,-0.510401059856759,2.0
-0.762517493664924,-0.6931391241382991,2.0
-0.6786617657355621,-0.620118277594169,2.0
-0.7384276293225289,-0.8277401491060934,2.0
-0.6601578781615153,-0.6833293341863751,2.0
-0.7334652453403366,-0.5992098388564432,2.0
-0.6534443879716237,-0.6337300825030282,2.0
-0.710069198007397,-0.39709990507452,2.0
-0.4611127028547435,-0.5516874729785846,2.0
-0.244613144821414,-0.5543413263926749,2.0
-0.7616402390422097,-1.0268873550067452,2.0
-0.4880146625582884,-0.7415456375686265,2.0
-0.6850917738889536,-0.760373763511351,2.0
-0.733643192062434,-0.6405969506906187,2.0
-0.6047836119758989,-0.7482352307841463,2.0
-0.47697934438837813,-0.4080839495335543,2.0
-0.8744662255019485,-0.4675284868338172,2.0
-0.6368664999741566,-0.4337818562197609,2.0
-0.6788823412047129,-0.5757045666680136,2.0
-0.7707484685389872,-0.5152066633707303,2.0
-0.6538287643738162,-0.543220845953678,2.0
-0.3864245203854642,-0.6012723003137395,2.0
-0.7108884674980471,-0.6816561755740671,2.0
-0.6235488400730598,-0.9222595790119352,2.0
-0.6944024737765058,-0.7513164332687958,2.0
-0.6392961110372938,-0.5875228965029771,2.0
-1.0201458679415771,-0.5971170626986182,2.0
-0.32645845907271304,-0.5644940213959581,2.0
-0.7305540173941985,-0.7553594073573298,2.0
-0.48240608502557975,-0.7824100957196001,2.0
-0.7934105637851996,-0.5493318871994043,2.0
-0.45337571932086684,-0.6811073971192178,2.0
-0.7926959335568599,-0.6505349116537967,2.0
-0.36118250123298146,-0.6150593763287476,2.0
-0.7155429712242306,-1.01530223197858,2.0
-0.45981311616534404,-0.5733142928053692,2.0
-0.6122749343738236,-0.5449384873300671,2.0
-0.5803140053831595,-0.677731786345601,2.0
-0.7385051346434466,-0.4105900383275083,2.0
-0.8566892388798477,-0.41353523374146994,2.0
-0.7026763646573757,-0.3935185074058958,2.0
-0.5856033101914747,-0.5212969938150769,2.0
-0.648918960984403,-0.6574934189821621,2.0
-0.6215649852398896,-0.6788521832632033,2.0
-0.813015528668155,-0.5367218050613942,2.0
-0.49736769512607576,-0.7751784101005132,2.0
-0.8119252820973917,-0.9128337829013192,2.0
-0.33387740557971185,-0.5301145534596283,2.0
-0.6645130963339443,-0.6948495615728943,2.0
-0.5875132701780303,-0.5343727689480215,2.0
-0.5410311909922013,-0.7638390596761784,2.0
-0.38820808173196925,-0.6715098215216926,2.0
-0.7050348724476393,-0.8573714142116611,2.0
-0.6492448294375848,-0.43028788184846944,2.0
-0.567718120476249,-0.5713464317202339,2.0
-0.19421175106314048,-0.8237082760883637,2.0
-0.9026627784285863,-0.6513181358790857,2.0
-0.5879168560111091,-0.7871342549589515,2.0
-0.5437072214395678,-0.4497309691070591,2.0
-0.2901270761204742,-0.43682491695643155,2.0
-0.3595450133521901,-0.5411806479731528,2.0
-0.4620258614071192,-0.5452925231189957,2.0
-0.5612013587527825,-0.6215129701325218,2.0
-0.5545004081677867,-0.6988117162636502,2.0
-0.8148250028249344,-0.7906037866405,2.0
-0.5941488164230724,-0.6319900029878927,2.0
-0.6877860106274327,-0.5039193671313532,2.0
-0.5372774257245946,-0.49275131164286645,2.0
-0.5249203361086008,-0.38756611744255065,2.0
-0.7970810798079003,-0.3800998574072627,2.0
-0.6615135329877802,-0.7048682788781151,2.0
-0.8708307087453181,-0.3227454317001047,2.0
-0.3331195654985627,-0.6135344475218532,2.0
-0.5476897117518653,-0.44619634900607374,2.0
-0.5637759479490984,-0.7256528715307248,2.0
-0.7923438893834276,-0.7991218351542292,2.0
-0.6361949285448024,-0.5388563640456138,2.0
-0.4502601578992297,-0.6744356803226789,2.0
-0.7577136595049354,-0.7693287581258518,2.0
-0.5646728804688875,-0.6635143916112374,2.0
-0.5985158362504379,-0.610852371753055,2.0
-0.5024901732351964,-0.5222466075633185,2.0
-0.8192019532949868,-0.33847140644431545,2.0
-0.8415262017268798,-0.7875258983697466,2.0
-0.6339997218495791,-0.46697216291966603,2.0
-0.5152467285544086,-0.5914102759467734,2.0
-0.903247633710069,-0.7861380822480697,2.0
-0.6319943178382995,-0.7500943609477143,2.0
-0.66083496310785,-0.5047990967349616,2.0
-0.6421783834247514,-0.5226322670271664,2.0
-0.67263625056648,-0.6454739455752461,2.0
-0.48889619086511044,-0.45388972571946046,2.0
-0.6544964958602963,-0.5486449078270887,2.0
-0.4858106234554874,-0.6007361748687476,2.0
-0.6204973981913353,-0.8363929323648613,2.0
-0.551739270044923,-0.5658471794984122,2.0
-0.5049102834327365,-0.6963525830895432,2.0
-0.5369012186269599,-0.682564066554512,2.0
-0.8283528673438117,-0.8451112731942205,2.0
-0.5017134472963505,-0.5913859564738844,2.0
-0.8136240521640246,-0.750905160027372,2.0
-0.4907215671865849,-0.3567381772132587,2.0
-0.695864227839359,-0.3315925798602594,2.0
-0.4858232533371533,-0.7475092219771787,2.0
-0.5484318956562451,-0.7171593152530703,2.0
-0.46262696705123146,-0.46258567188256294,2.0
-0.3824909322548651,-0.7476558140490597,2.0
-0.5464429607944984,-0.6034811949599965,2.0
-0.56423622025247,-0.4397571008293561,2.0
-0.74094868956642,-0.3383700031852978,2.0
-0.7090139301388073,-0.4142813972225382,2.0
-0.5035750746923985,-0.7861276951177699,2.0
-0.7739734113664926,-0.840157143159088,2.0
-0.6832389459577124,-0.5431902513830843,2.0
-0.37558181941229785,-0.3860251123386861,2.0
-0.7649623121289718,-0.3858188317311271,2.0
-0.22301784961585663,-0.504430975159874,2.0
-0.554360387587166,-0.4953582353253895,2.0
-0.49116397892341557,-0.6311364651701515,2.0
-0.5374745092417953,-0.6148419555647228,2.0
-0.5973127172383881,-0.9846498480226817,2.0
-0.7529717626241623,-0.30178914144278546,2.0
-0.2992042502937587,-0.6134260060505333,2.0
-0.6558048156178226,-0.5254603279893676,2.0
-0.6769782953389459,-0.7968977585527649,2.0
-0.45836939281732403,-0.6564546228846166,2.0
-0.47139570641477774,-0.8259283929299488,2.0
-0.7075258010145247,-0.6636601227629135,2.0
-0.7313961080090798,-0.6364959954325337,2.0
-0.6053816732707831,-0.5458410246536486,2.0
-0.42680183899398066,-0.5977058121369729,2.0
-0.40807667595001557,-0.7740931758084678,2.0
-0.5614843819012116,-0.44942293508566156,2.0
-0.3846356139139355,-0.6699795030644512,2.0
-0.39775662416061597,-0.35795323061816514,2.0
-0.35543918904248817,-0.7959663456549786,2.0
-0.8850547455555752,-0.6583729145869902,2.0
-0.21307677656356888,-0.6644335080915935,2.0
-0.8454672750757779,-0.5863758762581638,2.0
-0.8340528163025479,-0.6046466405210561,2.0
-0.5963108745856895,-0.27965951772440206,2.0
-0.6864821681874164,-0.5738206864197014,2.0
-0.700502232449103,-0.6151110925806003,2.0
-0.4617542199306488,-0.5203305384988632,2.0
-0.6382008150339746,-0.5701238428863505,2.0
-0.761818523572227,-0.3406749092661296,2.0
-0.646705692262834,-0.4483362965967156,2.0
-0.46943769781549977,-0.4876540752056054,2.0
-0.778143039935303,-0.5488756633937897,2.0
-0.7245726519470614,-0.5138921122371034,2.0
-0.5730119193902352,-0.6460293759127026,2.0
-0.6421892988911323,-0.3433639025884344,2.0
-0.43205158012240785,-0.5742760061822655,2.0
-0.7448356208408793,-0.3944468596437317,2.0
-0.3603777400477991,-0.7105882560933744,2.0
-0.5927796616422603,-0.8082208145690282,2.0
-0.6386621194916031,-0.6634793861011109,2.0
-0.8428653155004366,-0.79567216343877,2.0
-0.4131545913470742,-0.7972083099094958,2.0
-0.7069176863179336,-0.5009329393963688,2.0
-0.5453070055538674,-0.3362433317083989,2.0
-0.7760748331461911,-0.7402194305991501,2.0
-0.5366352842581383,-0.8013383969158085,2.0
-0.39259085459373755,-0.6238955986310465,2.0
-0.765869853802092,-0.6829017326605975,2.0
-0.5679741831890819,-0.4165301442045437,2.0
-0.6731206532035792,-0.8040872426787342,2.0
-0.6376381808840227,-0.6814930468700182,2.0
-0.8499528256189277,-0.6328492203772469,2.0
-0.6908360839570449,-0.5635173627497586,2.0
-0.6447282778066944,-0.6309626963836601,2.0
-0.6631085205732036,-0.8088662392763791,2.0
-0.27160393421632184,-0.6394687910402008,2.0
-0.6078826177183506,-0.6951421624875953,2.0
-0.49548945541353767,-0.6501847777343053,2.0
-0.5810493540618821,-0.4706709426818695,2.0
-0.4145725744600145,-0.5128915407827298,2.0
-0.9064851867864632,-0.49949806669640884,2.0
-0.3355293728657157,-0.7708999659079068,2.0
-0.5914698859861143,-0.8919107776516084,2.0
-0.7127221223638905,-0.4993554671369117,2.0
-0.7167321367747008,-0.6803942388871103,2.0
-0.10288869817318802,-0.4518344308446939,2.0
-0.6472065721412871,-0.3940078246550079,2.0
-0.641392763821029,-0.49774211674312185,2.0
-0.5502841556334467,-0.6821414923044279,2.0
-0.7445880525673468,-0.7044105517705245,2.0
-0.5047120614593152,-0.4797854063928213,2.0
-0.527663431845971,-0.473169592379559,2.0
-0.7325684489986286,-0.6057045434239796,2.0
-0.45141276544652686,-0.695908482659702,2.0
-0.6128008421009234,-0.3342468528607303,2.0
-0.5344518114154927,-0.3660227951577128,2.0
-0.5869327947210287,-0.5948597446234153,2.0
-0.5666634422538754,-0.5622279604335024,2.0
-0.6840736443330878,-0.6482697664493486,2.0
-0.4139651475954059,-0.5516988630879789,2.0
-0.5513505628703962,-0.48038754792927607,2.0
-0.49357011482261276,-0.5525775859319986,2.0
-0.6703531943824983,-0.5524816981753148,2.0
-0.7581883215401457,-0.7543145170944461,2.0
-0.6545150104795066,-0.5266482188429635,2.0
-0.45252868397847357,-0.6970886664451837,2.0
-0.6088036688179457,-0.3754533159798987,2.0
-0.3720315291769439,-0.7315368292760355,2.0
-0.515353179536092,-0.7659657046197965,2.0
-0.4027935362123799,-0.6055470010660058,2.0
-0.38923593543224305,-0.4667163214775678,2.0
-0.8260337644056418,-0.5272029890441193,2.0
-1.0114557792712626,-0.522699599219785,2.0
-0.5664681272753095,-0.7327793576359903,2.0
-0.5833655005108807,-0.8131334364814886,2.0
-0.7219589592203601,-0.583787170198594,2.0
-0.6921541545099231,-0.6564146045444014,2.0
-0.8644525721374803,-0.864933369657281,2.0
-0.56975509765012,-0.4092835092249246,2.0
-0.4700020106358801,-0.6645394736128014,2.0
-0.7350294077397339,-0.507229536243117,2.0
-0.7140368140992956,-0.9667073673568776,2.0
-0.5975069148108386,-0.5172862429990605,2.0
-0.5714005551635672,-0.6882688365639904,2.0
-0.3547492755540639,-0.5501680051970381,2.0
-0.8140553982497718,-0.5085603602243368,2.0
-0.7116794622938798,-0.7792474126717683,2.0
-0.24428469694925692,-0.8998918974229804,2.0
-0.6118357769475348,-0.6590830802465601,2.0
-0.5677145102980283,-0.4113625025947081,2.0
-0.7936717750805512,-0.48826420385834346,2.0
-0.7203947615711963,-0.4275715413431559,2.0
-0.6290014675894968,-0.5555054849125853,2.0
-0.7230209527645953,-0.6777821623802429,2.0
-0.6232419531554947,-0.6278846873735234,2.0
-0.46604196701583583,-0.2696880359345589,2.0
-0.5652560371094829,-0.5001874258999056,2.0
-0.5997612389568283,-0.6833311691622312,2.0
-0.6881949028338098,-0.4685095653946484,2.0
-0.6148397368620584,-0.5119383836051735,2.0
-0.4928012380906266,-0.4079620623486767,2.0
-0.6712666106012568,-0.26594087557433427,2.0
-0.5916920603742194,-0.6459343233675867,2.0
-0.27033079791419007,-0.7174299715228012,2.0
-0.6387223376558278,-0.5929265762965703,2.0
-0.6401371227163675,-0.9013301281725055,2.0
-0.6226296355419838,-0.6081701948712903,2.0
-0.7754613302614659,-0.47777371753383086,2.0
-0.68348677920377,-0.7076629674162971,2.0
-0.7870249485114205,-0.4659743016275276,2.0
-0.8213976314198311,-0.4588878298898176,2.0
-0.6794391043362397,-0.6059095922129168,2.0
-0.8430383114591842,-0.7097441305833401,2.0
-0.4278154970840078,-0.5551289798977065,2.0
-0.597407683139703,-0.5442601373779682,2.0
